timestamp,ca,symbol,chain,price,market_cap,liquidity,buys_5m,sells_5m,buys_1h,sells_1h,txns_24h,volume_5m,volume_1h,volume_24h,age_minutes,rsi_5m,rsi_15m,liq_to_mc,buy_sell_ratio,label_outcome,mc_after_3d,ml_predicted_mc,ml_confidence
2026-02-05T04:55:25.485560,EKwF2HD6X4rHHr4322EJeK9QBGkqhpHZQSanSUmWkecG,BigTrout,solana,0.004601,4601240.0,201755.7,793,831,5790,5425,66449,220532.15,1465584.58,6604353.47,400,48.83,51.63,4.38,1.07,,,4601240.0,0
2026-02-05T04:55:52.517397,EgDNyj8t7F3Cox2fv6rkZnpfTs432PUzozhTErjuSYh5,Adog,solana,1.111e-05,11119.0,8461.61,429,453,429,453,882,36228.57,36228.57,36228.57,4,48.64,48.64,76.1,0.95,,,11119.0,0
2026-02-05T07:20:49.380038,DRLNhjM7jusYFPF1qade1dBD1qhgds7oAfdKs51Vpump,SOL,solana,0.0001239,123896.0,28787.26,342,202,3429,2325,5754,25436.34,281612.6,281612.6,28,62.87,59.59,23.23501969393685,1.4748387096774194,,,123896.0,0
2026-02-05T07:21:25.284759,2k8yZaJjf61unHriuqdmvbxe7CUhEYML5kVJDbcotKjU,BFS,solana,0.1127,112733273.0,1193389.52,7,0,101,14,1632,1335.9,40796.81,1004035.77,27822,87.5,87.83,1.058595646380284,7.214285714285714,,,112733273.0,0
2026-02-05T07:53:40.762660,9XeizW4yMfUqfGmqF3niSL9zkWwGJQ8EY9EQopWQmM7S,X,solana,0.0005162,509570.0,70577.19,62,65,737,448,43567,9285.56,106279.94,5263036.55,1571,48.82,62.19,13.850342445591382,1.6450892857142858,,,509570.0,0
2026-02-05T07:54:54.210149,9XeizW4yMfUqfGmqF3niSL9zkWwGJQ8EY9EQopWQmM7S,X,solana,0.0005029,496386.0,69658.87,80,76,755,459,43596,11543.73,108538.11,5265294.73,1572,51.28,62.19,14.033206013062411,1.644880174291939,,,496386.0,0
2026-02-05T07:54:54.394581,6JRNWjT4rD3RndFXX2xufR9RAp9ipaknuAcKcqrvpump,HitorƒÅ,solana,3.067e-06,3068.0,4454.54,158,288,604,613,1217,12578.68,58874.39,58874.39,9,35.43,49.63,145.1936114732725,0.9853181076672104,,,3068.0,0
2026-02-05T08:24:33.545970,6JRNWjT4rD3RndFXX2xufR9RAp9ipaknuAcKcqrvpump,HitorƒÅ,solana,2.149e-06,2149.0,3729.92,0,6,639,692,1331,33.53,60104.19,60104.19,39,0.0,48.01,173.565379246161,0.9234104046242776,,,2149.0,0
2026-02-05T08:28:39.671364,GoPffEZ5yuWNnBuUCmwx9idbH9D63xATkrGa6E9kpump,‚ñà‚ñà‚ñà‚ñà,solana,0.001277,1277162.0,110410.54,122,52,1027,848,84891,16029.52,161119.5,6582136.03,1390,70.11,54.77,8.644991003490551,1.2110849056603774,,,1277162.0,0
2026-02-05T08:45:50.964171,C5RiFUaFkt9vTJmpAX8aiL7gYKWrDdDERkKhozcSpump,RAMEN,solana,6.105e-05,61058.0,20105.93,209,173,1457,1086,2543,15540.44,122139.76,122139.76,15,54.71,57.29,32.92923122277179,1.3416206261510129,,,61058.0,0
2026-02-05T08:53:48.087652,EKwF2HD6X4rHHr4322EJeK9QBGkqhpHZQSanSUmWkecG,BigTrout,solana,0.004634,4634421.0,210029.16,132,198,2134,1881,95422,38480.6,398690.48,9720715.83,639,40.0,53.15,4.531939588569964,1.1345029239766082,,,4634421.0,0
2026-02-05T08:54:20.784776,BwTr4zt6sDj4DMzR7cW1WWTfCXQfco4JrWJg7tFQpump,‚ñà‚ñà‚ñà,solana,3.952e-05,39523.0,16021.89,215,157,320,212,532,25459.05,36540.38,36540.38,6,57.8,60.15,40.53814234749386,1.509433962264151,,,39523.0,0
2026-02-05T08:54:37.686755,BwTr4zt6sDj4DMzR7cW1WWTfCXQfco4JrWJg7tFQpump,‚ñà‚ñà‚ñà,solana,3.952e-05,39523.0,16021.89,215,157,320,212,532,25459.05,36540.38,36540.38,6,57.8,60.15,40.53814234749386,1.509433962264151,,,39523.0,0
2026-02-05T08:55:13.658602,EKwF2HD6X4rHHr4322EJeK9QBGkqhpHZQSanSUmWkecG,BigTrout,solana,0.00463,4630943.0,210166.18,151,193,2170,1883,95523,34307.78,398160.79,9725763.77,640,43.9,53.54,4.538302026174798,1.1524163568773234,,,4630943.0,0
2026-02-05T11:12:40.658338,EiSgAwVJvMs9zz6LSrrtULtwo1S6XJDQs6Fg4bRppump,JinkedIn,solana,3.793e-05,37936.0,15624.74,594,430,594,430,1024,42537.29,42537.29,42537.29,4,58.01,58.01,41.18710459721636,1.3813953488372093,,,37936.0,0
2026-02-05T11:13:03.119734,BvhHPGE2C684fWpQeBfpSvo5wwrEb3Ej6zXJQMnwpump,Monobloc,solana,0.0001206,120612.0,28586.14,151,113,4462,3384,7846,10939.49,387302.41,387302.41,53,57.2,56.87,23.7009086989686,1.3185579196217494,,,120612.0,0
2026-02-05T11:13:20.049084,DRLNhjM7jusYFPF1qade1dBD1qhgds7oAfdKs51Vpump,SOL,solana,0.0004588,458799.0,57723.74,187,102,1564,1311,20145,21836.74,227637.13,1094180.96,261,64.71,54.4,12.581487753896589,1.1929824561403508,,,458799.0,0
2026-02-05T11:13:39.919815,EBJ3XpyHkb7Dmdmhdr4oZTVivpMgkjPn2kcbSUcSpump,Computa,solana,6.142e-05,59602.0,20257.39,8,6,97,65,5406,907.76,10589.61,275344.94,408,57.14,59.88,33.987768866816545,1.4923076923076923,,,59602.0,0
2026-02-05T11:19:28.693954,A1Qt2ivQdmL5TrhXkCJmC75h8QerwxZfvfRubP8ppump,Dojak,solana,5.661e-05,56617.0,19261.68,144,125,2733,2212,4945,9353.5,165725.05,165725.05,25,53.53,55.27,34.02101842202872,1.2355334538878842,,,56617.0,0
2026-02-05T11:19:54.099814,8DCtSgoDYZbsaVYVPAHRJhZ3n7BEqv2yyZbU6SJppump,FITH,solana,2.099e-05,20985.0,11542.21,35,38,707,543,1250,2463.79,48038.07,48038.07,25,47.95,56.56,55.00219204193472,1.302025782688766,,,20985.0,0
2026-02-05T11:21:08.997975,EKwF2HD6X4rHHr4322EJeK9QBGkqhpHZQSanSUmWkecG,BigTrout,solana,0.003139,3139460.0,172158.54,89,86,1280,1041,101681,16389.6,216114.69,10318565.58,786,50.86,55.15,5.483699107489824,1.229586935638809,,,3139460.0,0
2026-02-05T11:21:34.267210,9S8edqWxoWz5LYLnxWUmWBJnePg35WfdYQp7HQkUpump,Goyim,solana,0.002853,2853944.0,204200.51,29,21,175,314,22459,8105.31,66459.57,3420883.02,5534,58.0,35.79,7.155028620043001,0.5573248407643312,,,2853944.0,0
2026-02-05T11:21:50.098554,HPD1g1eNSLHYMG15zhxJX7NZhGAEunEFrEpo5X1YBAGS,MANGAMURA,solana,9.149e-05,91493.0,22026.03,40,28,2405,1775,8070,3122.13,254140.29,465619.48,89,58.82,57.54,24.074005661635315,1.3549295774647887,,,91493.0,0
2026-02-05T11:22:04.566435,CSrwNk6B1DwWCHRMsaoDVUfD5bBMQCJPY72ZG3Nnpump,Franklin,solana,0.0001653,165366.0,65715.27,1,3,27,11,1125,846.74,2948.68,87331.22,95027,25.0,71.05,39.73928739886071,2.4545454545454546,,,165366.0,0
2026-02-05T11:24:57.996235,2akXpuyFXAVN5YofZpZMfBp2Vxognpmv9NooBMuHpump,ELON,solana,0.001349,1349383.0,170920.44,5,9,95,81,7057,584.94,11773.36,918383.03,9379,35.71,53.98,12.666562421491898,1.1728395061728396,,,1349383.0,0
2026-02-05T11:25:19.794986,CDbW2djfCGibjqbBEkuCZdyEXhQ7EE783b9pVbdJBAGS,ELIZAOK,solana,8.341e-05,83415.0,20820.11,23,20,345,280,10221,3728.37,42720.37,574898.81,333,53.49,55.2,24.95967152190853,1.2321428571428572,,,83415.0,0
2026-02-05T11:25:56.013408,ED7RpUdWPNxVGc1mdnUw2WNorPufHw5jMZF9kK7DBAGS,MNGMR,solana,2.607e-06,2608.0,3664.37,2,3,90,153,3295,179.45,6913.2,156590.84,116,40.0,37.04,140.50498466257667,0.5882352941176471,,,2608.0,0
2026-02-05T11:26:15.668037,GWBgds4wofv5jTpvpfmyMhPtJs8epDNWFVMVVohApump,BigTrump,solana,2.411e-06,2411.0,3956.57,2,0,27,29,2476,41.44,788.57,169231.21,127,66.67,48.21,164.10493571132312,0.9310344827586208,,,2411.0,0
2026-02-05T11:26:36.266655,jk1T35eWK41MBMM8AWoYVaNbjHEEQzMDetTsfnqpump,SOL,solana,0.00389,3244954.0,267651.05,7,1,96,40,5576,663.51,16683.55,962644.43,54114,87.5,70.59,8.248223241377227,2.4,,,3244954.0,0
2026-02-05T11:28:06.267113,8Xr9pkTvbc5ZFKWoSNZSbif7XWYWrG68evhy2aqtpump,suraj,solana,4.49e-05,44900.0,17089.63,8,6,140,132,3976,514.92,16003.79,177982.39,217,57.14,51.47,38.06153674832962,1.0606060606060606,,,44900.0,0
2026-02-05T11:28:21.536071,BwTr4zt6sDj4DMzR7cW1WWTfCXQfco4JrWJg7tFQpump,‚ñà‚ñà‚ñà,solana,1.889e-06,1889.0,3558.6,0,1,0,9,4470,0.01,39.52,408189.02,160,0.0,0.0,188.38538909475912,0.0,,,1889.0,0
2026-02-05T11:28:35.925129,DcoSTyxQSkzPb3N56gBSPMLadY7Wzd6vYx7neetTpump,Trout,solana,3.054e-06,3054.0,4389.1,0,1,55,79,3324,4.98,1983.98,83787.92,185,0.0,41.04,143.71643745907008,0.6962025316455697,,,3054.0,0
2026-02-05T11:30:01.100158,H8zaHqSPGTZp3trisdE2HRiHpfVjVK2CLN8HpyrYpump,PEARL,solana,3.229e-06,3230.0,4513.04,0,3,5,9,7712,47.22,254.43,94629.65,204,0.0,35.71,139.72260061919505,0.5555555555555556,,,3230.0,0
2026-02-05T11:30:20.036016,N2k4rFSqiyGbAzKRP8T45zCgZgVoJWiytcqmuJPpump,AD,solana,1.773e-06,1773.0,3354.11,0,0,1,3,693,0.0,15.29,29120.52,207,0.0,25.0,189.17710095882688,0.3333333333333333,,,1773.0,0
2026-02-05T11:30:39.999796,6JRNWjT4rD3RndFXX2xufR9RAp9ipaknuAcKcqrvpump,HitorƒÅ,solana,1.783e-06,1783.0,3371.18,0,0,1,3,1348,0.0,12.84,60258.92,225,0.0,25.0,189.0734716769489,0.3333333333333333,,,1783.0,0
2026-02-05T11:31:07.401515,9CaWKwDJPFTrkJuk5dj1Vyc2TBse9CjQFmomVGkrpump,CRY,solana,0.0002002,194911.0,40131.05,2,2,45,24,9137,108.58,4990.94,989207.26,3445,50.0,65.22,20.589422864794702,1.875,,,194911.0,0
2026-02-05T11:31:32.431978,8F6WywnWepeJVbBcZ8cAPxNSsa7LNjbTXzoe5qatpump,Elonius,solana,8.632e-06,8632.0,7401.0,4,6,32,16,4767,231.95,1260.65,155944.68,265,40.0,66.67,85.73911028730305,2.0,,,8632.0,0
2026-02-05T11:32:27.666728,Cs4WbW2rxCDddXTxTEBgutt6rdvRknBuTXAZemvbpump,NOMOREWAR,solana,1.857e-05,18572.0,12241.28,16,3,663,678,45041,243.33,45293.68,1148656.5,1911,84.21,49.44,65.91255653672195,0.9778761061946902,,,18572.0,0
2026-02-05T11:32:53.664108,DNhQZ1CE9qZ2FNrVhsCXwQJ2vZG8ufZkcYakTS5Jpump,ZAUTH,solana,0.004319,4319824.0,203558.25,7,27,43,92,2057,3979.99,23295.48,324262.47,83187,20.59,31.85,4.712188505828015,0.4673913043478261,,,4319824.0,0
2026-02-05T11:33:09.269299,HiNkp9CdKqTgPtB6WnnrrUAu9YwQqnrvT6Ceuxoypump,Accelerando,solana,0.001064,1058982.0,108449.08,3,4,57,57,8818,2337.58,22368.92,1199748.46,8029,42.86,50.0,10.240880392679006,1.0,,,1058982.0,0
2026-02-05T11:33:24.073252,GBKRCrH5c6PwA8mjoXBJApv793WuqAFdqEaAxMudpump, HARDEN,solana,8.235e-06,8221.0,7563.7,8,2,36,32,21515,232.69,1604.04,705952.15,327,80.0,52.94,92.00462230872157,1.125,,,8221.0,0
2026-02-05T11:33:38.666916,3zu566b1F47koogyGwwmcCDeo4dnE8zaYCtWYmBfpump,CULTURE,solana,0.0004527,452682.0,57636.56,4,5,70,49,1913,414.48,10033.01,255335.83,23268,44.44,58.82,12.732240292302322,1.4285714285714286,,,452682.0,0
2026-02-05T11:33:55.095441,GYtqxSLL5UAaSQwPWDdhKMwrgjxeJActzpNvsEsRpump,Dex,solana,0.0001353,135304.0,32057.74,10,5,48,28,6451,1476.72,6618.81,615348.96,3652,66.67,63.16,23.693120676402767,1.7142857142857142,,,135304.0,0
2026-02-05T11:34:17.284073,6Njht5ayBXSH2TE4K6wRFbNxqanUPhNpAFJCs92bonk,BTC2,solana,0.0008141,17097.0,12105.74,5,8,77,71,4763,461.86,8109.89,215857.14,300,38.46,52.03,70.8062233140317,1.0845070422535212,,,17097.0,0
2026-02-05T11:34:34.435894,6CtdoFoxStKoFh2ceHpb3XJ6AKoZmFKmuaFS63Fnpump,Attention,solana,9.856e-05,98559.0,27152.26,4,3,14,23,1597,1217.03,2583.81,97491.02,3179,57.14,37.84,27.54924461490072,0.6086956521739131,,,98559.0,0
2026-02-05T11:34:50.176792,8aAGMqALKPeMYQjokHrCqujA2EzFTqrQPWWFFTpgpump,MasterBait,solana,4.312e-06,4247.0,5319.21,2,7,30,50,10846,29.89,1811.43,359557.88,330,22.22,37.5,125.24629149988226,0.6,,,4247.0,0
2026-02-05T11:35:04.038065,2qbMUqodGF3rqnc6VsoXSELMVttkiVYqhzUF5Z2Spump,BOGGED,solana,1.691e-06,1691.0,3282.3,0,0,0,2,1119,0.0,47.39,33264.3,321,0.0,0.0,194.1040804257836,0.0,,,1691.0,0
2026-02-05T11:35:29.373675,8Jx8AAHj86wbQgUTjGuj6GTTL5Ps3cqxKRTvpaJApump,PENGUIN,solana,0.02174,21745738.0,728949.27,17,55,175,216,10569,31319.11,87680.64,2244995.01,28326,23.61,44.76,3.352147763391613,0.8101851851851852,,,21745738.0,0
2026-02-05T11:35:44.065952,2k8yZaJjf61unHriuqdmvbxe7CUhEYML5kVJDbcotKjU,BFS,solana,0.1194,119439052.0,1227755.57,7,0,88,45,2165,11666.73,61345.29,1310008.74,28077,87.5,66.17,1.027934791377949,1.9555555555555555,,,119439052.0,0
2026-02-05T11:36:30.260894,5YuYWmk34DR1uKUyE8hYx2u4okQ9rBW1YJoiE4Lcpump,Henry,solana,0.0001441,144139.0,36036.05,22,12,67,32,2141,8915.94,20318.84,84076.93,12319,64.71,67.68,25.00090190718681,2.09375,,,144139.0,0
2026-02-05T12:22:17.674401,0x379a08c44744ef5b222179d856056d7741d4ffff,49,bsc,0.0005172,517271.0,73701.25,1350,993,4222,3164,7386,378110.23,1098541.66,1098541.66,16,57.62,57.16,14.24809239257565,1.3343868520859672,,,517271.0,0
2026-02-05T12:22:33.576749,0xae08caaceda0b850ee810117546755891aa04444,49,bsc,5.007e-05,50071.0,21957.19,385,260,385,260,645,34797.0,34797.0,34797.0,5,59.69,59.69,43.85211000379461,1.4807692307692308,,,50071.0,0
2026-02-05T12:22:48.474359,0x83aa3e492c63d5a525a98285da397fe50cff7777,Rush,bsc,3.493e-05,34849.0,19222.93,135,29,2156,1840,3996,2520.13,230130.27,230130.27,44,82.32,53.95,55.16063588625212,1.1717391304347826,,,34849.0,0
2026-02-05T12:23:10.505202,0x728aa4fe1715634b16c5dda917ab12c452647777,Ê¨¢‰πêÈ©¨,bsc,6.727e-05,67273.0,24540.98,11,24,800,700,1500,2101.04,160496.73,160496.73,31,31.43,53.33,36.47968724451117,1.1428571428571428,,,67273.0,0
2026-02-05T12:23:24.786012,0x487200f3080abc29729f730e286048d54c6fffff,NODE,bsc,4.106e-06,4106.4,0.0,0,2,669,681,1350,3.92,87953.76,87953.76,39,0.0,49.56,0.0,0.9823788546255506,,,4106.4,0
2026-02-05T12:23:40.849529,0xd28e716fa02543962b3129f9e4d919c65f434444,Libra,bsc,0.003001,3001136.0,326867.7,10,1,211,120,2849,1754.74,43942.99,468364.46,151817,90.91,63.75,10.891465764963668,1.7583333333333333,,,3001136.0,0
2026-02-05T12:23:56.549249,0x5c4207f5dcd7454d4464b4742c4c3ca4208f4444,WINNING,bsc,0.0002359,235908.0,51951.99,27,38,586,564,22039,6795.59,108797.52,2171900.14,260,41.54,50.96,22.022139986774505,1.0390070921985817,,,235908.0,0
2026-02-05T12:24:11.586080,0x985722ebb9661251f7c6f94d657580826a2e4444,È∏°Ëõã,bsc,4.779e-05,47800.0,23033.94,14,9,361,283,10033,1823.39,44008.97,789885.88,294,60.87,56.06,48.1881589958159,1.2756183745583038,,,47800.0,0
2026-02-05T12:24:25.978450,0x4ff1ed33eeac511a10ad2923b400d2bc4b85ffff,4Burn,bsc,1.659e-05,15044.0,12938.21,3,5,71,122,4338,84.8,6992.93,228971.12,170,37.5,36.79,86.00245945227333,0.5819672131147541,,,15044.0,0
2026-02-05T12:55:29.820884,0xd6d3e368265248c12ad94c962862559690464444,ÂØºÊºî,bsc,4.122e-06,4122.15,0.0,0,0,0,2,1472,0.0,28.53,88798.46,221,0.0,0.0,0.0,0.0,,,4122.15,0
2026-02-05T12:55:46.819565,0x4444783fcf9e14692fd2d88a8f9d13fdae3dca3a,Â∏ÅÂÆâÂç´Â£´,bsc,1.189e-05,11896.64,0.0,0,2,1,4,1217,7.69,351.66,86092.25,263,0.0,20.0,0.0,0.25,,,11896.64,0
2026-02-05T12:56:01.665378,0x489632f7340f97bd117c0d3b1f230a8b6a314444,È©¨Â∞îÁ¶è,bsc,0.0001287,128706.0,38002.71,21,12,282,164,10398,1168.13,29075.25,1276415.98,1586,63.64,63.23,29.52675865926996,1.7195121951219512,,,128706.0,0
2026-02-05T12:56:18.445543,0x8fc4879ed7f0a10977e0b92f061cb771b0484444,HAPY,bsc,4.696e-06,4696.0,6977.41,5,4,7,10,4865,88.65,330.14,319433.67,298,55.56,41.18,148.5819846678024,0.7,,,4696.0,0
2026-02-05T12:56:34.145621,0xc06245ec45a155e60a847982d76289cb4c3c4444,FUD,bsc,6.015e-05,60158.0,25227.89,4,2,53,56,9118,152.67,9650.51,917261.87,968,66.67,48.62,41.93605173044316,0.9464285714285714,,,60158.0,0
2026-02-05T12:56:54.614891,0xf46ab4dca2abaf8155f1a705c979455b75d97777,BAPMKT,bsc,2.862e-06,2863.0,5103.17,0,0,0,0,1833,0.0,0.0,110626.11,324,0.0,0.0,178.24554662940972,0.0,,,2863.0,0
2026-02-05T12:57:10.879572,0x640c04ca09c5c5140e62fef42c59e3afdbbd4444,ÊàëÁöÑÂàÄÁõæ,bsc,4.618e-05,46180.0,21696.27,6,3,24,42,6057,1157.38,4677.01,549176.22,517,66.67,36.36,46.98196188826332,0.5714285714285714,,,46180.0,0
2026-02-05T12:57:30.894101,0xf0d978ef1c40ee8deb493e59e732f56a847e4444,‰∏ÄÂ§úÁàÜÂØå,bsc,0.001839,1549652.0,145982.84,16,16,156,185,6038,325.39,9815.7,280897.14,30336,50.0,45.75,9.420362765317632,0.8432432432432433,,,1549652.0,0
2026-02-05T12:58:01.751241,0xda2fdb03f2cb9d590144460f0a708d681bab7777,GIFT BIRD,bsc,6.103e-06,5959.0,8150.53,0,0,1,9,11723,0.0,103.32,1026427.17,436,0.0,10.0,136.7768081892935,0.1111111111111111,,,5959.0,0
2026-02-05T12:58:19.269995,0xda2fdb03f2cb9d590144460f0a708d681bab7777,GIFT BIRD,bsc,6.103e-06,5959.0,8150.53,0,0,1,9,11723,0.0,103.32,1026427.17,436,0.0,10.0,136.7768081892935,0.1111111111111111,,,5959.0,0
2026-02-05T12:58:45.743322,0x33ff0a3cabb01074fd57dea4ff303593b8a87777,GIFT BIRD,bsc,2.607e-06,2608.0,4836.56,0,0,0,2,1896,0.0,197.69,137653.25,429,0.0,0.0,185.4509202453988,0.0,,,2608.0,0
2026-02-05T12:59:08.631631,0x3c471d10f11142c52de4f3a3953c39d8aaaeffff,FunnyAI,bsc,1.09e-05,10907.88,0.0,0,2,3,12,3413,65.31,714.93,194296.21,469,0.0,20.0,0.0,0.25,,,10907.88,0
2026-02-05T12:59:23.380134,0xf57524e4b7d7a67ff6cc6daeaa9629e5adc4ffff,‰ªì,bsc,3.53e-05,35308.0,19164.37,6,3,89,88,11499,75.5,7810.48,840065.13,614,66.67,50.28,54.2776991050187,1.0113636363636365,,,35308.0,0
2026-02-05T12:59:38.409271,0x2a846aaaf896ef393ccb76398c1d96ea97374444,BORT,bsc,0.002899,2899058.0,221298.5,8,17,332,225,19055,5791.38,114344.51,5029963.48,133694,32.0,59.61,7.633462317759769,1.4755555555555555,,,2899058.0,0
2026-02-05T12:59:52.833568,0x45e57907058c707a068100de358ba4535b18e2f3,MEFAI,bsc,0.001748,1004408.0,286358.44,0,0,9,1,623,0.0,1413.95,176368.64,249048,0.0,90.0,28.510171165502467,9.0,,,1004408.0,0
2026-02-05T13:00:15.901871,0xef91c1eae97edcd429a5ad197753a6c3e4214444,‰∏Ä,bsc,0.003985,3985475.0,197536.24,0,0,1,1,2615,0.0,57.45,723127.6,29683,0.0,50.0,4.956403941813711,1.0,,,3985475.0,0
2026-02-05T13:00:30.182538,0xf74548802f4c700315f019fde17178b392ee4444,memes,bsc,0.00231,2310943.0,156146.91,35,66,582,542,16109,8184.9,133611.5,1511023.41,22170,34.65,51.78,6.756848178427595,1.0738007380073802,,,2310943.0,0
2026-02-05T13:00:50.258257,0x4e22100d5b5e6c5fe7e5c742ad31dc0519d77777,1,bsc,5.657e-06,5657.0,7051.65,0,0,5,2,1365,0.0,514.79,70166.38,1253,0.0,71.43,124.65352660420716,2.5,,,5657.0,0
2026-02-05T13:01:04.895841,0xb5d23540673db56729c6f76ac1c75c6800487777,Ëù¥Ëù∂Â∏Å,bsc,5.94e-06,5940.0,7302.6,0,1,0,4,3336,9.26,47.62,181149.57,1206,0.0,0.0,122.93939393939397,0.0,,,5940.0,0
2026-02-05T13:01:20.625926,0x86fb173ede8953fad589faee7c58c73f683a7777,GIFTS,bsc,0.00094,940060.0,101737.49,6,11,188,164,41244,650.62,47375.9,5876162.05,1434,35.29,53.41,10.822446439588964,1.146341463414634,,,940060.0,0
2026-02-05T13:01:39.020748,0x697c565cb06fa88de40f89c89c8e9abc7017ffff,4X314,bsc,2.017e-05,19573.0,14153.72,4,0,53,6,5445,0.46,332.53,325088.22,1360,80.0,89.83,72.31247126143157,8.833333333333334,,,19573.0,0
2026-02-05T13:01:53.911648,0x343c9bd6c4a8cc49a5f9830a1b4c495282654444,Ê≥®ÊÑèÂäõÊòØÊå•Ëàû‰∫∫Á±ªÊΩúÂäõÁöÑÊ≥ïÊùñ,bsc,3.092e-06,3092.0,5540.32,0,0,0,2,1693,0.0,3.74,131355.14,1297,0.0,0.0,179.1824062095731,0.0,,,3092.0,0
2026-02-05T13:02:10.327376,0x7a70a429df3bfa4e653bf23a106d0a4b27777777,KOKO,bsc,4.357e-06,4357.0,6273.02,1,1,1,7,4120,27.55,92.0,539187.53,1374,50.0,12.5,143.97567133348633,0.1428571428571428,,,4357.0,0
2026-02-05T13:02:26.822345,0xe55b3f2fe59ee5a2b028014ad9069c2b5988ffff,BNBBAG,bsc,6.792e-06,6793.0,8323.94,0,6,1,20,1916,341.19,943.3,132495.63,1726,0.0,4.76,122.53702340644784,0.05,,,6793.0,0
2026-02-05T13:02:42.313523,0x8cfa7fe066423662d727d956dee68f2f6a08ffff,MKT,bsc,4.001e-06,4001.42,0.0,0,0,0,0,1047,0.0,0.0,86051.96,1384,0.0,0.0,0.0,0.0,,,4001.42,0
2026-02-05T13:02:56.682867,0xc6500c81317049d8214e8aaee1b7fbd456107777,AGENTHOME,bsc,7.021e-06,7022.0,8062.67,0,0,2,3,6005,0.0,269.74,477128.63,1391,0.0,40.0,114.82013671318714,0.6666666666666666,,,7022.0,0
2026-02-05T13:04:35.429930,0x69a87c8788d4a48c1362b3b357d0e6b59c11d93f,OBI,bsc,0.0002794,182031.0,25473.55,0,0,15,15,3284,0.0,1032.08,294790.38,1415595,0.0,50.0,13.994072438211075,1.0,,,182031.0,0
2026-02-05T13:04:49.856400,0x1d3c19e3be09547c45b4b2b5c52b4e228957ffff,Memebook,bsc,3.389e-06,3390.0,5779.02,0,0,0,2,2884,0.0,1.3,180825.55,1397,0.0,0.0,170.4725663716814,0.0,,,3390.0,0
2026-02-05T13:05:04.343086,0x7f049dfbde4624ff58ec9feeb303fe37ebfa7777,SPLIT,bsc,2.844e-06,2844.0,5101.81,0,0,0,4,3308,0.0,59.26,244259.46,1422,0.0,0.0,179.38853727144868,0.0,,,2844.0,0
2026-02-05T13:05:18.661702,0x7582f88716cf7c9abc3b01588bef14484eaf7777,Cedric,bsc,2.672e-06,2672.0,4876.53,0,0,0,1,1334,0.0,52.58,93252.48,1431,0.0,0.0,182.50486526946105,0.0,,,2672.0,0
2026-02-05T13:05:33.376962,0x70a366787f1a5743e3bbf1c5627faa7db0c24444,ELFCLAW,bsc,2.917e-06,2917.0,5320.9,0,0,0,0,1118,0.0,0.0,70182.8,1429,0.0,0.0,182.41001028453888,0.0,,,2917.0,0
2026-02-05T13:05:55.379968,0x82ec31d69b3c289e541b50e30681fd1acad24444,ÂìàÂü∫Á±≥,bsc,0.0188,18808578.0,1135166.45,36,20,610,340,4774,18357.79,329522.73,1359523.2,173636,64.29,64.21,6.03536561881499,1.7941176470588236,,,18808578.0,0
2026-02-05T13:06:11.682700,0xd9d67284daa279a7259d3286c06a168453f54444,‰∏çÁé©‰∫ÜÊääÈí±ËøòÊàë,bsc,3.172e-06,3173.0,5719.02,12,14,1640,784,2424,610.93,480743.06,480743.06,36,46.15,67.66,180.24015127639456,2.091836734693877,,,3173.0,0
2026-02-05T13:06:47.581227,0xd28e716fa02543962b3129f9e4d919c65f434444,Libra,bsc,0.003076,3076700.0,330612.96,12,0,175,29,2749,1529.15,13389.02,369032.34,151860,92.31,85.78,10.745700263269088,6.0344827586206895,,,3076700.0,0
2026-02-05T13:07:02.270152,0x5c4207f5dcd7454d4464b4742c4c3ca4208f4444,WINNING,bsc,0.0002544,254497.0,54185.11,51,52,572,547,22910,10769.12,111411.23,2260533.0,303,49.51,51.12,21.29106040542717,1.0457038391224862,,,254497.0,0
2026-02-05T13:17:34.173595,CjYMjmfadNTZ1LSrx94sKdAbGHhPEFLapR9Jffdfpump,SHEEP,solana,0.0002006,200622.0,36560.55,44,18,435,171,8721,6198.09,37698.52,458891.02,982,70.97,71.78,18.223599605227744,2.543859649122807,,,200622.0,0
2026-02-05T13:17:48.705316,4V3PXaCYUwTXnQte9CCUxD7beHyE2c5KRrcwxMXqpump,intuition,solana,2.197e-05,21973.0,11717.81,343,336,343,336,679,21518.57,21518.57,21518.57,2,50.52,50.52,53.32822099849815,1.0208333333333333,,,21973.0,0
2026-02-05T13:18:05.323143,9TANxaSaCuEJiVBiMdGcrQbSy5wuvZE15RY4ucy4pump,PsyopTrout,solana,8.818e-05,88182.0,23769.24,314,300,964,818,1782,54166.35,137674.22,137674.22,12,51.14,54.1,26.95475267061305,1.178484107579462,,,88182.0,0
2026-02-05T13:18:20.428835,7EFQHRSTasxtwmUJ8wrEjNQWf7QkQArrHQ9rVKFYpump,Ouroboros,solana,8.048e-06,8049.0,7118.83,172,125,1080,884,1964,9953.74,74506.91,74506.91,15,57.91,54.99,88.44365759721704,1.2217194570135748,,,8049.0,0
2026-02-05T13:18:37.188437,FK6FwaCQPh51xhbuv4mqSck5wdEDsqLU4j3mw4scpump,üü©,solana,0.0001042,104217.0,26238.37,657,508,4594,3285,7879,45293.55,325021.65,325021.65,32,56.39,58.31,25.17666983313663,1.3984779299847794,,,104217.0,0
2026-02-05T13:18:51.195460,9AyLH5Puifc7v9MkTgA36JabS4wiVTEZ3aEPeNoTpump,CORTISOL,solana,0.0001408,140797.0,31723.49,3,12,211,129,1033,727.77,28507.23,74351.25,33813,20.0,62.06,22.5313678558492,1.6356589147286822,,,140797.0,0
2026-02-05T13:19:16.189131,AJQKTxPp9vdNwP37sjvrYQXpAKVkFeEdfXQednMcpump,UCA,solana,2.515e-05,25157.0,12625.63,88,59,2364,1633,3997,4540.44,126688.75,126688.75,46,59.86,59.14,50.18734348292722,1.4476423759951011,,,25157.0,0
2026-02-05T16:53:16.397457,6MDsC3Z5dAhEBivzE5TDesCo6dsaGyHzaH8bWe4qpump,RAMEN,solana,4.857e-05,48570.0,18583.54,10,14,121,99,23325,716.68,8516.29,1225861.57,1357,41.67,55.0,38.26135474572781,1.2222222222222223,,,48570.0,0
2026-02-05T16:53:41.840822,rHmNHXP3GVQvs1nEBq1Mtj7uawz8fBLRKxhvHDG8Qd4,GunzABlazin,solana,2.544e-06,2544.0,3944.75,2,18,929,890,1819,75.91,82363.81,82363.81,19,10.0,51.07,155.06092767295598,1.043820224719101,,,2544.0,0
2026-02-05T16:54:49.204549,E6cLvYyKQ2KV6hzspCDt6wQ8GTLGBxqBwySWYhbMpump,Balzak,solana,0.0002175,217587.0,38855.56,55,51,1033,752,20224,8975.8,134988.33,900002.72,911,51.89,57.87,17.857482294438544,1.3736702127659577,,,217587.0,0
2026-02-05T16:55:03.452492,DRLNhjM7jusYFPF1qade1dBD1qhgds7oAfdKs51Vpump,SOL,solana,0.0003674,367412.0,51869.86,30,25,1030,495,28875,3422.82,115419.62,1744985.22,602,54.55,67.54,14.117628166744687,2.080808080808081,,,367412.0,0
2026-02-05T16:55:19.466762,5E93HCDwNKnUvPrMCnfMCassC1BvyfiZYrUW1r7Cpump,Preguntale,solana,0.000168,168063.0,33433.62,55,49,1108,895,12986,7342.75,124090.32,567660.3,189,52.88,55.32,19.893504221631176,1.2379888268156425,,,168063.0,0
2026-02-05T16:55:37.393636,CcYZTCuuU48CePcL1dHX7sqHr7TgDmuYJfk3rPiipump,AGENT,solana,3.73e-05,37298.0,16240.5,0,0,89,81,4356,0.0,8017.15,301925.23,2872,0.0,52.35,43.54254919834843,1.0987654320987654,,,37298.0,0
2026-02-05T16:56:02.842094,6LYdxfFH7uWK1hAuSMHeDPBL7sfS1nNDBjUve9FSpump,WIF,solana,1.376e-05,13769.0,9301.22,64,61,3438,2526,5964,3117.56,217914.12,217914.12,35,51.2,57.65,67.55189193114968,1.3610451306413305,,,13769.0,0
2026-02-05T16:56:23.162641,Esm66ZUs9fZFoyX6VZ8Eif8fw6YiVHEvbXLSD6i8pump,wifout,solana,3.48e-06,3480.0,4602.98,8,12,1746,3127,4873,640.73,104461.03,104461.03,32,40.0,35.83,132.26954022988505,0.5583626479053406,,,3480.0,0
2026-02-05T16:56:37.780610,2K1gKJZyHXXKdJgsNmfW9VD8EBbBuKRavudKZnHUpump,GRINDR,solana,1.057e-05,10576.0,8074.11,20,19,2304,2143,4447,1381.15,163421.81,163421.81,39,51.28,51.81,76.34370272314675,1.075128324778348,,,10576.0,0
2026-02-05T16:56:54.881808,FGxzLF5wuuqBzHsiCCqmEiFRYmGaWSpgCTsdKpxNpump,SATOSHI,solana,0.0001521,152169.0,33616.92,72,83,899,710,36597,10056.95,122617.96,2486432.11,920,46.45,55.87,22.091832107722333,1.2661971830985916,,,152169.0,0
2026-02-05T16:57:13.312415,jk1T35eWK41MBMM8AWoYVaNbjHEEQzMDetTsfnqpump,SOL,solana,0.003186,2658106.0,237962.88,6,17,391,219,7269,4436.68,93967.63,1237538.03,54444,26.09,64.1,8.952347272832611,1.7853881278538812,,,2658106.0,0
2026-02-05T16:57:33.534787,BvhHPGE2C684fWpQeBfpSvo5wwrEb3Ej6zXJQMnwpump,Monobloc,solana,2.823e-05,28240.0,14141.62,33,19,667,548,21680,1077.12,44780.43,1173056.84,397,63.46,54.9,50.0765580736544,1.217153284671533,,,28240.0,0
2026-02-05T16:58:05.325140,21CnrFRqvEVkQZUTFmTXjcsJTLZhRY51ohoaCPwRpump,DOG,solana,0.001204,1204549.0,93696.14,191,119,4808,4399,38078,21767.53,762878.43,2615554.76,168,61.61,52.22,7.778524576418228,1.092975676290066,,,1204549.0,0
2026-02-05T16:58:22.520902,Hu7WxERVXGFpDoAQcKM13ocQjkZhgSUjBrtx3wjpump,SOLD,solana,2.625e-05,26252.0,12907.82,1499,1222,3274,2668,5942,112719.02,259836.16,259836.16,7,55.09,55.1,49.168901417034895,1.227136431784108,,,26252.0,0
2026-02-05T16:58:37.129478,A5zVcnxsmpmqMqpe4ZCW8XiNZUAE42QTxc8AEJDDpump,TESLA,solana,0.0003453,345396.0,48545.48,188,107,1173,721,15175,27801.44,164212.09,1666958.85,275,63.73,61.93,14.0550209035426,1.6269070735090152,,,345396.0,0
2026-02-05T16:58:55.927746,FFYLoYzPnD1CAVa8UeP9BeXhPPAykRkYiFLqVpxKbonk,hedge,solana,0.001301,1301828.0,120173.57,118,93,880,818,37031,35915.35,246152.04,4051611.88,1386,55.92,51.83,9.231140365701153,1.075794621026895,,,1301828.0,0
2026-02-05T16:59:16.688047,98sMhvDwXj1RQi5c5Mndm3vPe9cBqPrbLaufMXFNMh5g,HYPE,solana,32.92,36320.0,2172827.79,54,44,310,184,10415,99997.13,430886.99,8232522.94,169718,55.1,62.75,5982.455368942731,1.684782608695652,,,36320.0,0
2026-02-05T17:00:39.070121,0xac719807ef8ba26ec12f80cf8cf40eb4a5314444,HAPPINESS,bsc,0.0002559,255981.0,50843.53,1162,1233,1930,2101,4031,295726.99,458653.47,458653.47,6,48.52,47.88,19.862228055988528,0.9186101856258924,,,255981.0,0
2026-02-05T17:16:30.539841,0x16e4366c817767933ff02f2333c8092d29134444,TRUMPRX,bsc,7.865e-06,7865.6,0.0,313,267,798,702,1500,38615.42,118402.67,118402.67,7,53.97,53.2,0.0,1.1367521367521367,,,7865.6,0
2026-02-05T17:16:49.499090,0xd5e0640d3df1509e305488af594b997889db4444,ÂèàÁ©∑‰∫Ü,bsc,2.77e-05,27708.81,0.0,125,106,762,647,1409,16684.06,149735.63,149735.63,13,54.11,54.08,0.0,1.17774343122102,,,27708.81,0
2026-02-05T17:17:29.530586,0xaa6a08249e309b89b61f30576479abb4b31e4444,SOUL,bsc,5.683e-06,5683.78,0.0,5,8,644,630,1274,408.5,95086.24,95086.24,18,38.46,50.55,0.0,1.022222222222222,,,5683.78,0
2026-02-05T17:17:50.554017,0x16e4366c817767933ff02f2333c8092d29134444,TRUMPRX,bsc,7.364e-06,7364.67,0.0,160,172,819,727,1546,20418.3,120567.31,120567.31,8,48.19,52.98,0.0,1.126547455295736,,,7364.67,0
2026-02-05T17:18:07.147693,0xf68f621653c3515bdd789ac62fb70271eba04444,BUBBLE,bsc,5.938e-05,59382.0,30020.88,14,16,1601,1226,5599,2158.98,299221.95,646336.92,88587,46.67,56.63,50.55552187531576,1.305872756933116,,,59382.0,0
2026-02-05T17:18:21.707496,0x2a846aaaf896ef393ccb76398c1d96ea97374444,BORT,bsc,0.002062,2062109.0,184943.77,26,13,453,285,14133,8500.44,157592.81,3481679.45,133953,66.67,61.38,8.968670909248734,1.5894736842105264,,,2062109.0,0
2026-02-05T17:19:44.910964,0x87d87671aefb97610390cd7fdbb4281c3f734444,Crypto winter,bsc,0.0009891,989156.0,159866.72,4,1,49,42,1823,405.78,11510.33,241780.19,46838,80.0,53.85,16.16193199050504,1.1666666666666667,,,989156.0,0
2026-02-05T17:20:34.033424,0xae08caaceda0b850ee810117546755891aa04444,49,bsc,1.393e-05,13935.0,11712.88,11,11,151,142,3617,1292.17,24156.82,199142.7,303,50.0,51.54,84.05367778973807,1.0633802816901408,,,13935.0,0
2026-02-05T17:22:08.160824,6s8GchEnB7hWJgBHZAUV7t6bmDz2op27JbZKNZjmpump,DDRRAM,solana,9.649e-06,9650.0,7503.84,355,329,355,329,684,26704.94,26704.94,26704.94,1,51.9,51.9,77.76,1.0790273556231005,,,9650.0,0
2026-02-05T17:22:22.620720,dV5sUiqGTdf6eQtsbssqEDRZrabRTxdPSq8ZQsapump,WATE,solana,3.827e-06,3828.0,4865.15,500,1738,3418,3420,6838,109518.07,578085.53,578085.53,22,22.34,49.99,127.09378265412748,0.9994152046783624,,,3828.0,0
2026-02-05T17:22:49.771089,2aWkZqpVGNGWoX8M3J9NogKQfN3ADN31ZRfB1E15bonk,TrumpRX,solana,0.0003315,331571.0,62792.14,665,437,2596,1714,4310,78408.82,303014.51,303014.51,13,60.34,60.23,18.93776596867639,1.514585764294049,,,331571.0,0
2026-02-05T17:23:05.303434,3gerMS5URVRWPJn6qh2R1mG8d6Qtuv3Mj4xhn5t1bonk,CHIP,solana,2.884e-05,28842.0,16796.7,526,784,1099,1332,2431,66023.77,124210.78,124210.78,8,40.15,45.21,58.23694612024132,0.825075075075075,,,28842.0,0
2026-02-05T17:24:10.570570,36vyeeA7gxmYmGBtBmSaqp77DsJC3nvRG4hNPFPcjupx,squig,solana,6.181e-05,61812.0,28421.23,43,24,221,193,526,5897.02,51866.64,53541.44,152844,64.18,53.38,45.98011712936,1.145077720207254,,,61812.0,0
2026-02-05T17:25:03.451125,6wcPQWr9zQgzkaieGaWqfwZaZJMC7xWRtVPm8ZKWpump,SPLAT,solana,0.0007918,791898.0,76425.96,28,1,80,49,1289,2943.48,12856.01,201051.54,16884,96.55,62.02,9.650985354174402,1.6326530612244898,,,791898.0,0
2026-02-05T17:25:22.977469,3BxLEWD16nNkd2RjLVbErR64tbw3opMgT3H6WYQuQhhf,POOPY,solana,1.181e-05,11816.0,8714.6,63,91,5333,5149,10482,4134.56,526666.19,526666.19,24,40.91,50.88,73.75253893026405,1.0357350941930472,,,11816.0,0
2026-02-05T17:25:51.868924,Dd4VTpo9QudJGaxzbGPLSHUTBpRvkEvSpPQUvG8vpump,UNKNOWN,solana,0.0002056,205623.0,36288.04,411,282,3065,1891,4956,69875.77,524182.71,524182.71,26,59.31,61.84,17.647850678182888,1.6208355367530407,,,205623.0,0
2026-02-05T17:26:07.892050,F3P4CEYd2HGj3uhVFZS1i3d6RWRX4ugBSkzJLnPLpump,SBTC,solana,6.372e-05,63730.0,19672.62,156,120,964,769,1733,21211.13,124683.52,124683.52,37,56.52,55.63,30.868696061509493,1.2535760728218466,,,63730.0,0
2026-02-05T17:29:43.338393,G8VTzK231UWrWnbUPgQxGzfoMpS8qxdtTMYBWWCXpump,BearOn,solana,0.0001104,110411.0,26457.82,201,164,4909,3763,8672,17754.48,373648.29,373648.29,32,55.07,56.61,23.963029046018967,1.3045442466117458,,,110411.0,0
2026-02-05T17:29:57.978142,Dd4VTpo9QudJGaxzbGPLSHUTBpRvkEvSpPQUvG8vpump,UNKNOWN,solana,0.0002079,207960.0,36585.63,465,304,3476,2170,5646,92220.95,606991.37,606991.37,30,60.47,61.57,17.592628390075014,1.60184331797235,,,207960.0,0
2026-02-05T17:30:17.640047,98sMhvDwXj1RQi5c5Mndm3vPe9cBqPrbLaufMXFNMh5g,HYPE,solana,32.85,36250.0,2155488.5,8,25,254,143,10466,16154.94,372736.43,8124683.99,169749,24.24,63.98,5946.175172413793,1.7762237762237765,,,36250.0,0
2026-02-05T17:31:52.224802,EMKP9FV5wakvyodPh8edQW4RTSbHPrhYRDEiCiz1pump,POS,solana,0.0001648,162705.0,41867.25,0,0,35,21,201,0.0,7674.94,22522.51,103512,0.0,62.5,25.73199963123444,1.6666666666666667,,,162705.0,0
2026-02-05T17:32:10.542355,12epsCFUd4Qzw7YuwGiEi7meLhDsvCJ5qSQGCRxbpump,Drilly,solana,1.518e-06,1519.0,3008.86,0,0,381,480,861,0.0,28139.56,28139.56,42,0.0,44.25,198.08163265306123,0.79375,,,1519.0,0
2026-02-05T17:32:43.475755,rHmNHXP3GVQvs1nEBq1Mtj7uawz8fBLRKxhvHDG8Qd4,GunzABlazin,solana,2.17e-06,2170.0,3608.66,0,2,935,911,1846,10.12,82523.1,82523.1,58,0.0,50.65,166.29769585253456,1.026344676180022,,,2170.0,0
2026-02-05T17:33:04.937616,CcYZTCuuU48CePcL1dHX7sqHr7TgDmuYJfk3rPiipump,AGENT,solana,4.157e-05,41575.0,17133.39,1,1,76,74,4445,17.34,8922.62,307856.63,2909,50.0,50.67,41.21079975947083,1.027027027027027,,,41575.0,0
2026-02-05T17:34:00.774893,6LYdxfFH7uWK1hAuSMHeDPBL7sfS1nNDBjUve9FSpump,WIF,solana,4.038e-06,3820.0,4963.72,1,7,1280,1162,6306,106.93,59823.61,224231.28,73,12.5,52.42,129.94031413612566,1.1015490533562822,,,3820.0,0
2026-02-05T17:34:26.169636,2K1gKJZyHXXKdJgsNmfW9VD8EBbBuKRavudKZnHUpump,GRINDR,solana,6.685e-06,6685.0,6335.19,53,43,523,459,5195,3929.03,39191.95,196225.04,77,55.21,53.26,94.76724008975316,1.1394335511982572,,,6685.0,0
2026-02-05T18:20:27.369029,25osf23HZkMTUuPM5FTVnaEgAYFkQEFHukCpHA2dpump,burger,solana,2.103e-05,21037.0,11049.89,443,463,681,667,1348,31762.38,48125.56,48125.56,6,48.9,50.52,52.52597803869373,1.0209895052473763,,,21037.0,0
2026-02-05T18:20:48.109362,BjX7s8wuRSsbffr6xENWPKaZFkVA9fJ8x3BkVsP1pump,Fry,solana,4.723e-05,47236.0,16757.97,342,218,2106,1512,3618,24563.15,145332.53,145332.53,20,61.07,58.21,35.477114912354985,1.3928571428571428,,,47236.0,0
2026-02-05T18:21:05.018695,Bbov67nhbQH4W1Csurtwg3iaHds5q1w9qV6zyogdH2ei,HARAMBE,solana,0.0001291,129114.0,28577.01,331,277,5902,5670,11572,31528.23,519965.17,519965.17,33,54.44,51.0,22.133161392258003,1.0409171075837742,,,129114.0,0
2026-02-05T18:21:22.452949,Dd4VTpo9QudJGaxzbGPLSHUTBpRvkEvSpPQUvG8vpump,NOREGRET,solana,0.0003317,323066.0,48032.55,428,197,5481,3480,13224,89793.81,1106243.05,1560549.99,82,68.48,61.17,14.867720527694033,1.575,,,323066.0,0
2026-02-05T18:21:40.482020,Dfh5DzRgSvvCFDoYc2ciTkMrbDfRKybA4SoFbPmApump,pippin,solana,0.1689,168973697.0,7687261.03,77,8,849,360,29110,24976.71,466550.61,6968318.87,652193,90.59,70.22,4.549383227378875,2.3583333333333334,,,168973697.0,0
2026-02-05T18:21:55.270380,8Jx8AAHj86wbQgUTjGuj6GTTL5Ps3cqxKRTvpaJApump,PENGUIN,solana,0.01688,16889496.0,618752.14,30,19,698,497,11571,5930.21,294188.24,2590614.51,28732,61.22,58.41,3.663532292497065,1.404426559356137,,,16889496.0,0
2026-02-05T18:22:22.620951,GhFqixKrni5Qa2u94aR6a6LJHykvtjC1nyb9KDb5pump,WhiteSwan,solana,3.263e-05,32637.0,13719.8,38,74,240,152,392,2813.19,10075.51,10075.51,7,33.93,61.22,42.03756472715017,1.5789473684210529,,,32637.0,0
2026-02-05T18:22:37.519126,73MRJww5MeMfPtVVcn1SFWQGeYVtc2xvuRioynw1pump,BEAR,solana,6.324e-05,63211.0,21673.44,1,1,94,58,935,66.0,10544.43,55229.59,22620,50.0,61.84,34.287449969150934,1.6206896551724137,,,63211.0,0
2026-02-05T18:22:53.253964,3xRtfzaCpbQYZPkXvZCwtDq88kYKkmqP1hAhqGtCpump,USDC,solana,5.073e-05,50734.0,19612.61,12,5,123,80,12871,826.94,10907.8,743245.01,1491,70.59,60.59,38.65772460283045,1.5375,,,50734.0,0
2026-02-05T18:23:11.404772,2k8yZaJjf61unHriuqdmvbxe7CUhEYML5kVJDbcotKjU,BFS,solana,0.1173,117320454.0,1218742.43,7,51,3447,2327,8074,39929.99,3137937.46,4569544.64,28484,12.07,59.7,1.0388149623082774,1.4813064030941123,,,117320454.0,0
2026-02-05T18:23:25.820724,5qrSGQEqRRSdUGGNbsrrmUEqJJzs3P8pZjg3uoUG8sXR,MIKAN,solana,3.108e-05,31089.0,13964.68,360,276,5405,4627,10032,25125.09,465564.72,465564.72,27,56.6,53.88,44.91839557399723,1.1681435055111302,,,31089.0,0
2026-02-05T18:23:40.860231,4AjvPXMn8YZG9saAVJvcWspg73oTFf2JmU4in4Xgpump,STABLE,solana,0.0001648,164894.0,32874.52,5,3,92,114,17316,185.08,13110.45,1234426.52,1206,62.5,44.66,19.936759372687906,0.8070175438596491,,,164894.0,0
2026-02-05T19:11:36.721113,jupSoLaHXQiZZTSfEWMTRRgpnyFm8f6sZdosWBjx93v,JupSOL,solana,95.98,365812657.0,306684.47,30,13,168,157,5059,88130.2,605398.71,5496498.52,944549,69.77,51.69,0.0838364840940973,1.070063694267516,,,365812657.0,0
2026-02-05T19:11:52.156043,DU1RNgN937Rpc1RxHqq9pzbx3j9JmYEqo8EKdufwwkFm,TheEnd,solana,5.941e-05,59411.0,18991.32,377,309,3680,2810,6490,25418.47,241203.43,241203.43,24,54.96,56.7,31.965999562370605,1.309608540925267,,,59411.0,0
2026-02-05T19:12:07.121295,GB8KtQfMChhYrCYtd5PoAB42kAdkHnuyAincSSmFpump,PIGEON ,solana,0.001488,1488438.0,140126.72,14,12,417,387,21266,4449.87,105234.97,2934355.33,15607,53.85,51.87,9.414347120941551,1.0775193798449612,,,1488438.0,0
2026-02-05T19:12:22.320197,3sJJ99sZcQrsp5ea9mpbnAE7An6AyLMhmGWdkoEYpump,OBEY,solana,2.456e-06,2456.66,0.0,0,0,31,46,138,0.0,5833.95,7970.61,2947,0.0,40.26,0.0,0.6739130434782609,,,2456.66,0
2026-02-05T19:12:39.657834,Bbco81RDzgubLV1FtX1rrAMNx3GaWht1V6BcAPVpBAGS,BREW,solana,6.681e-05,66795.0,17849.17,35,30,329,182,520,6355.34,56683.1,57091.85,23638,53.85,64.38,26.72231454450183,1.807692307692308,,,66795.0,0
2026-02-05T19:12:55.557084,5qrSGQEqRRSdUGGNbsrrmUEqJJzs3P8pZjg3uoUG8sXR,MIKAN,solana,3.627e-05,36273.0,15364.61,58,36,3035,1876,13580,3588.66,201991.42,608992.54,76,61.7,61.8,42.3582554517134,1.6178038379530917,,,36273.0,0
2026-02-05T19:13:09.899900,68ZmDLAGzRTQr8LWGNk23tGjr9wQihBFaxSP7qAjpump,FuckCrypto,solana,9.281e-05,92816.0,27576.47,8,8,255,173,24677,1186.43,26666.3,970685.49,1664,50.0,59.58,29.71090113773488,1.4739884393063585,,,92816.0,0
2026-02-05T19:13:25.449263,FkfqGLuYjb3DjsQqabDJznTM3b7m4FuSftkMDLKnpump,GOD,solana,1.431e-05,14317.0,9132.64,83,97,462,399,861,5548.87,29248.9,29248.9,13,46.11,53.66,63.78878256618006,1.1578947368421053,,,14317.0,0
2026-02-05T19:13:47.670930,6b8o4uDgkyKS3BEqV6t7REvaed3xsukjn6PM2FJopump,üß≤,solana,7.908e-06,7908.0,6816.92,29,29,1283,995,2278,1975.53,76828.51,76828.51,23,50.0,56.32,86.202832574608,1.2894472361809046,,,7908.0,0
2026-02-05T19:14:02.684171,Hsyxu5KXttrdL8AYLKS8X3Gkij5kJHqQJqtT4RrK6WHn,BOBO,solana,5.324e-05,53231.0,18041.29,28,34,587,539,1527,5183.44,84540.2,108310.75,9982,45.16,52.13,33.892449888223034,1.0890538033395176,,,53231.0,0
2026-02-05T19:14:24.352858,EuXmwrSj6rAPMwqdG7tM3wrJWwvS9yvxQNo2uHj2pump,Cockroach,solana,0.0001256,125590.0,35352.79,26,15,275,240,1402,3244.08,56974.27,130496.39,164502,63.41,53.4,28.149366987817505,1.1458333333333333,,,125590.0,0
2026-02-05T19:14:43.320141,8ggbc72zhyA57NdToPZ3DikcXxkS8hnJfdfZVtwLpump,SIDEX,solana,0.0002092,207939.0,36257.38,1,0,26,27,526,67.33,4712.07,49223.72,19663,50.0,49.06,17.436546294826847,0.9629629629629628,,,207939.0,0
2026-02-05T19:14:59.143864,HCg4f3zVDNYuZAFxyHPo3VZLqWmuXJDe1LmkS29Apump,Bearwhale,solana,4.048e-05,40488.0,15643.86,13,19,828,611,4882,1641.23,70908.07,215891.32,98,40.62,57.54,38.63826318909307,1.3551554828150574,,,40488.0,0
2026-02-05T19:15:16.373741,5eqmTQBK9GLAcZbTbT3VLduwPwBUbHb8rHeFfE7kpump,Tide,solana,4.865e-05,48653.0,17080.52,84,78,2655,1989,4644,5650.61,159173.65,159173.65,42,51.85,57.17,35.10681766797526,1.334841628959276,,,48653.0,0
2026-02-05T19:15:36.343718,4xvJVGnCHDkCwFfX77UmfghhetpewPCCEZ39Xa6qpump,$BAG,solana,2.714e-05,27148.64,0.0,83,39,83,39,122,8090.44,8090.44,8090.44,2,68.03,68.03,0.0,2.128205128205128,,,27148.64,0
2026-02-05T19:15:51.051668,9yMzbSHpZ4Q2ffw2Bi7k5sBdUqQWgREFKW56qkCapump,Realize,solana,6.763e-05,67635.0,20340.52,28,18,78,58,2637,3502.7,11565.13,146934.61,11329,60.87,57.35,30.073955792119467,1.3448275862068966,,,67635.0,0
2026-02-05T19:16:08.807028,Bbco81RDzgubLV1FtX1rrAMNx3GaWht1V6BcAPVpBAGS,BREW,solana,6.008e-05,60063.0,16946.28,22,14,344,192,545,4430.46,59226.59,59635.34,23642,61.11,64.18,28.214175116128065,1.7916666666666667,,,60063.0,0
2026-02-05T19:16:34.123998,5eqmTQBK9GLAcZbTbT3VLduwPwBUbHb8rHeFfE7kpump,Tide,solana,6.434e-05,64350.0,19651.18,84,73,2681,2015,4696,6321.72,161606.57,161606.57,44,53.5,57.09,30.53796425796425,1.3305210918114143,,,64350.0,0
2026-02-05T19:17:02.442213,4xvJVGnCHDkCwFfX77UmfghhetpewPCCEZ39Xa6qpump,$BAG,solana,8.489e-05,84892.0,22286.51,218,146,218,146,364,20280.03,20280.03,20280.03,1,59.89,59.89,26.25278000282712,1.4931506849315068,,,84892.0,0
2026-02-05T19:17:32.060202,0x98eafcc32a0589d0b0e1ea6924e4c7200bc04444,LobKill,bsc,0.0004633,463313.0,73408.84,2,1,58,34,1530,128.97,10413.0,240449.62,6376,66.67,63.04,15.844329859080144,1.7058823529411764,,,463313.0,0
2026-02-05T19:17:46.718426,0x640c04ca09c5c5140e62fef42c59e3afdbbd4444,ÊàëÁöÑÂàÄÁõæ,bsc,0.0001935,193561.0,45168.08,24,15,338,262,10342,6214.94,71787.78,1086695.72,897,61.54,56.33,23.33532064827109,1.2900763358778626,,,193561.0,0
2026-02-05T19:18:02.754129,0x87d87671aefb97610390cd7fdbb4281c3f734444,Crypto winter,bsc,0.001073,1073752.0,165642.47,1,2,13,10,1855,113.9,1804.16,244329.35,46956,33.33,56.52,15.426510963425446,1.3,,,1073752.0,0
2026-02-05T19:18:20.167581,0x2e591b13d3caf27adf1db47d75278315d0754444,ÊΩúÈæôÂãøÁî®,bsc,0.001676,1667146.0,175333.44,8,8,56,57,5091,1087.33,14364.55,790630.79,15020,50.0,49.56,10.516981716058462,0.9824561403508772,,,1667146.0,0
2026-02-05T19:19:17.054055,0x82ec31d69b3c289e541b50e30681fd1acad24444,ÂìàÂü∫Á±≥,bsc,0.01671,16716035.0,1052687.59,1,6,166,210,7055,523.87,81466.14,2250570.62,174010,14.29,44.15,6.29747179878482,0.7904761904761904,,,16716035.0,0
2026-02-05T19:19:31.785515,0xd9d67284daa279a7259d3286c06a168453f54444,‰∏çÁé©‰∫ÜÊääÈí±ËøòÊàë,bsc,3.113e-06,3114.0,5577.64,0,0,1,1,2509,0.0,104.14,482197.28,410,0.0,50.0,179.1149646756583,1.0,,,3114.0,0
2026-02-05T19:20:10.908683,0xd28e716fa02543962b3129f9e4d919c65f434444,Libra,bsc,0.00325,3250402.0,333883.2,0,0,0,1,2694,0.0,144.43,397928.03,152234,0.0,0.0,10.272058656129303,0.0,,,3250402.0,0
2026-02-05T19:20:28.305214,0x4ff1ed33eeac511a10ad2923b400d2bc4b85ffff,4Burn,bsc,4.362e-06,3954.0,6516.1,0,0,1,6,4605,0.0,136.12,234585.4,586,0.0,14.29,164.7976732422863,0.1666666666666666,,,3954.0,0
2026-02-05T19:20:50.531138,0x2bbe12679fdb17ba51256a3a4142e9882aeeffff,kinforge,bsc,5.727e-05,57271.0,23743.92,0,0,21,22,4227,0.0,4204.08,272267.08,638,0.0,48.84,41.45888844266732,0.9545454545454546,,,57271.0,0
2026-02-05T19:21:05.743959,0xf0d978ef1c40ee8deb493e59e732f56a847e4444,‰∏ÄÂ§úÁàÜÂØå,bsc,0.001868,1573154.0,144336.57,3,0,111,94,6473,20.85,2645.59,269000.07,30720,75.0,54.15,9.174980326147343,1.180851063829787,,,1573154.0,0
2026-02-05T19:21:36.521838,0xf57524e4b7d7a67ff6cc6daeaa9629e5adc4ffff,‰ªì,bsc,0.0001513,151357.0,39305.52,2,3,68,51,14088,261.69,13982.79,1040983.55,996,40.0,57.14,25.96874938060348,1.3333333333333333,,,151357.0,0
2026-02-05T19:21:53.752965,0xf9c6e80e9a5807a1214a79449009b48104f94444,ÈªëÈ©¨,bsc,0.001232,1232269.0,209781.84,10,3,59,46,4732,1421.15,10825.9,618304.03,39657,76.92,56.19,17.024029655862478,1.2826086956521738,,,1232269.0,0
2026-02-05T19:22:34.184196,6fQGiKj93yYKto5pGLR3vDnoVraWVEb2MP84JuWWpump,OBEY,solana,3.03e-05,30307.0,13457.08,998,885,1567,1235,2802,99490.98,155303.4,155303.4,9,53.0,55.92,44.40254726630811,1.268825910931174,,,30307.0,0
2026-02-05T19:22:48.925261,B6FuJZDV8zX9xHtvr4XnMV3pn17xgoobJNpbqXxwpump,OBEY,solana,4.144e-05,41447.0,15566.11,732,626,732,626,1358,56784.25,56784.25,56784.25,2,53.9,53.9,37.5566627258909,1.1693290734824282,,,41447.0,0
2026-02-05T19:23:11.821428,ATTfJEavNRjqdoqb1zjpz54dE141qaMjBYFv92ybpump,GPTPP,solana,3.555e-05,35555.0,14381.12,166,131,305,217,522,14135.64,23216.28,23216.28,8,55.89,58.43,40.44753199268739,1.4055299539170507,,,35555.0,0
2026-02-06T03:11:09.014663,G8XfMyCLW82Hq2duaf3Kw9hQXf9ntLsPvSx8qZhZpump,ber,solana,0.0003925,392569.0,50420.91,94,74,3151,1784,24239,15356.29,368927.74,1503065.72,202,55.95,63.85,12.843833822843884,1.766255605381166,,,392569.0,0
2026-02-06T03:11:23.703720,6SPAi55gcZLTtrQywxq2UsVikAvDMNaPQuWYaLMpump,DAISY,solana,3.26e-05,32607.0,13469.02,339,267,2509,1820,4329,17839.15,154922.59,154922.59,13,55.94,57.96,41.307142638083846,1.3785714285714286,,,32607.0,0
2026-02-06T03:11:40.117259,6VGe7oP6g349LCN3XUQFqhoUFwqiEYUVsS4knppVpump,SPECTRUMBOY,solana,0.0002289,228945.0,36739.06,503,400,7170,5136,12306,62078.17,592112.54,592112.54,54,55.7,58.26,16.047111751730764,1.3960280373831775,,,228945.0,0
2026-02-06T03:11:57.440000,EKwF2HD6X4rHHr4322EJeK9QBGkqhpHZQSanSUmWkecG,BigTrout,solana,0.004293,4293544.0,224702.26,156,91,1493,910,105724,26148.09,254294.53,11413304.64,1737,63.16,62.13,5.2334914932745535,1.6406593406593406,,,4293544.0,0
2026-02-06T03:12:19.277209,A8Ga8xePXLtC5AyEJjKDJtUZENxcNtGmm16oN6nVpump,KINGTROUT,solana,2.741e-05,27417.0,12236.5,59,69,859,719,1578,3646.08,49529.34,49529.34,29,46.09,54.44,44.631068315278846,1.1947148817802504,,,27417.0,0
2026-02-06T03:12:35.830286,BsXmXxfwQWks6WHtfmo5q3Ji4mQieEx2WNWmUUe1pump,T√∫Anh,solana,0.0001507,150720.0,28957.66,18,10,592,354,3676,1080.21,61149.55,182643.16,310,64.29,62.58,19.212884819532903,1.6723163841807909,,,150720.0,0
2026-02-06T03:12:53.552231,6DAUm5Qtu8dDzkSMcZrS2k4ZuvMoGWJ4AGUQc5PPpump,vibes,solana,2.04e-06,2040.0,3325.72,0,5,1142,1033,2175,6.42,62100.68,62100.68,33,0.0,52.51,163.0254901960784,1.105517909002904,,,2040.0,0
2026-02-06T03:13:10.823636,6VGe7oP6g349LCN3XUQFqhoUFwqiEYUVsS4knppVpump,SPECTRUMBOY,solana,0.0002347,234739.0,37212.74,416,361,7247,5217,12464,50583.06,599388.93,599388.93,56,53.54,58.14,15.852815254388917,1.3891125167720912,,,234739.0,0
2026-02-06T03:13:25.344873,2u1tszSeqZ3qBWF3uNGPFc8TzMk2tdiwknnRMWGWjGWH,USDG,solana,1.0018,27052265.0,3767030.53,101,71,1020,825,34134,47334.76,516886.69,10002120.27,122406,58.72,55.28,13.925009717300934,1.2363636363636363,,,27052265.0,0
2026-02-06T03:13:48.399764,9CaWKwDJPFTrkJuk5dj1Vyc2TBse9CjQFmomVGkrpump,CRY,solana,0.0001719,166690.0,35106.76,32,8,66,38,4719,6501.41,9815.84,482371.21,4387,80.0,63.46,21.06110744495771,1.736842105263158,,,166690.0,0
2026-02-06T03:14:21.775804,CYtqp57NEdyetzbDfxVoJ19MWHvvVCQBL9jfFjXWpump,OXE,solana,0.0004608,385423.0,55541.53,0,0,114,30,1607,0.0,13424.83,94689.31,72755,0.0,79.17,14.410538551150296,3.8,,,385423.0,0
2026-02-06T03:14:36.343492,AzD7NbLsR1BCAK1hdaA1GkNFHn6HHg8eoCRfRxLApump,WHALE,solana,1.995e-05,19955.0,10388.96,1,7,448,448,896,285.56,33057.91,33057.91,44,12.5,50.0,52.06193936356802,1.0,,,19955.0,0
2026-02-06T03:14:50.699733,4ZR1R4oW9B4Ufr15FDVLoEx3rhU7YKFTDL8qgAFPpump,Clit,solana,0.0001822,182262.0,33970.85,40,29,1016,647,27777,1966.21,82302.11,1317789.38,260,57.97,61.09,18.638470992307777,1.57032457496136,,,182262.0,0
2026-02-06T03:15:07.502781,2XerStXyhsyTQ5LxsFWstu5BwD9UCRuXf13CkFVqpump,zazu,solana,1.24e-05,12286.0,8304.84,25,18,1611,1244,5417,668.14,91491.82,180205.63,71,58.14,56.43,67.59596288458408,1.295016077170418,,,12286.0,0
2026-02-06T03:15:22.812341,GwuX3NJXWxy75ZMHEdcpssx1qFTP3vKNcjRm4An1pump,bul,solana,1.269e-05,12699.0,8374.27,25,13,1177,832,5550,1055.03,74422.81,183026.41,80,65.79,58.59,65.94432632490748,1.4146634615384617,,,12699.0,0
2026-02-06T03:15:37.433399,GdEgAfoBp4r66SWLK68fG7Ueun8xNyaKJDzpwnc9yewx,littlestjeff1,solana,9.66e-05,96606.0,23476.43,71,34,719,449,10549,5752.93,72012.93,416839.47,279,67.62,61.56,24.301213175165103,1.601336302895323,,,96606.0,0
2026-02-06T03:16:04.010753,GwuX3NJXWxy75ZMHEdcpssx1qFTP3vKNcjRm4An1pump,bul,solana,1.108e-05,11089.0,7821.56,28,10,1083,774,5563,1275.2,69555.5,183521.67,80,73.68,58.32,70.53440346289116,1.3992248062015504,,,11089.0,0
2026-02-06T03:16:25.905692,Bv9MsZYcC2HLz6ZP4qAFsbRFbsdxLjxgrXbH9AcUpump,AOC,solana,2.133e-05,21332.0,10817.47,16,14,452,349,2713,1562.04,29813.75,100499.74,107,53.33,56.43,50.71006000375024,1.2951289398280803,,,21332.0,0
2026-02-06T03:16:41.077106,4XNbW5qiJHHyDLatP3bDQFtb3u8gmmzwmftYiuZC8FMX,Tyler,solana,1.563e-06,1563.0,2916.23,0,0,1,9,2217,0.0,52.31,78568.98,100,0.0,10.0,186.5790147152911,0.1111111111111111,,,1563.0,0
2026-02-06T03:16:55.408265,F11B3zstVzJ7xozQ5LsqFtYtNQQT65VNQUyScEy7pump,POLY,solana,2.084e-06,2085.0,3414.34,0,0,5,28,7321,0.0,237.97,233284.67,133,0.0,15.15,163.75731414868108,0.1785714285714285,,,2085.0,0
2026-02-06T03:17:12.576901,2ip9Swzb1maEMoN29HLkUCbov4KhSu4yr4SeWtf5pump,PLEASE,solana,9.923e-06,9923.0,7343.51,1,2,54,35,1610,76.06,2360.48,58591.03,114,33.33,60.67,74.00493802277536,1.542857142857143,,,9923.0,0
2026-02-06T03:17:27.533350,9PdZffMAYTDaXWn5UbSv3dPgVD2DBjHR3UJgY5uhpump,COLLECT,solana,1.066e-05,10660.0,7590.99,3,0,63,51,878,1.19,6361.1,36762.35,124,75.0,55.26,71.21003752345216,1.2352941176470589,,,10660.0,0
2026-02-06T03:17:45.575881,BA2CJ49j7wMRsNxpMX3VoewqsAA7V5VFBDRWbVLHpump,67,solana,1.197e-05,11978.0,8344.71,6,15,580,434,11033,578.68,27398.54,393093.17,154,28.57,57.2,69.6669727834363,1.336405529953917,,,11978.0,0
2026-02-06T03:18:04.254845,8YSuBt3Pybup6rL7EHdgTMxeGi2bnqrEf3Qbgg8hpump,Pdog,solana,6.079e-06,6080.0,5844.77,2,2,37,43,9165,38.3,2992.64,396526.57,360,50.0,46.25,96.1310855263158,0.8604651162790697,,,6080.0,0
2026-02-06T03:18:19.014802,6ukUSPRvPKrMg1L6hNSVydVjQTfoXrghnSt3CWgepump,better,solana,2.505e-06,2505.0,3707.58,1,2,10,23,4229,1.88,593.35,148019.11,162,33.33,30.3,148.00718562874252,0.4347826086956521,,,2505.0,0
2026-02-06T03:18:33.793390,BzhYgQa2pSXEz3FUG1mYkwHptnvVdxWkoSXGyUzUpump,fmcl,solana,1.85e-06,1850.0,3200.07,0,0,6,8,3640,0.0,73.95,127590.05,168,0.0,42.86,172.97675675675677,0.75,,,1850.0,0
2026-02-06T03:18:48.993621,TX1rq29xNeiqLqGxekvQyKVG3624HorqK3LW5o9pump,varoun,solana,1.968e-06,1968.0,3274.65,0,0,0,4,1434,0.0,7.64,43584.62,174,0.0,0.0,166.39481707317074,0.0,,,1968.0,0
2026-02-06T03:19:04.828859,73qWYYtJCNmbPbQuVMyAMPXH7Kmmx6okupT8J2W4pump,PEACE,solana,0.0005304,530452.0,61304.77,0,3,28,32,5002,283.56,10720.96,664769.25,6462,0.0,46.67,11.55708150784614,0.875,,,530452.0,0
2026-02-06T03:19:25.623641,8J69rbLTzWWgUJziFY8jeu5tDwEPBwUz4pKBMr5rpump,WOJAK,solana,0.009035,9034672.0,440679.51,1,11,63,237,7812,1151.21,37870.62,1296699.62,135757,8.33,21.0,4.8776481315536415,0.2658227848101265,,,9034672.0,0
2026-02-06T03:19:41.886768,7TG88ZZJzGh13YwysXpHFsRHVYrv9sA93m7VXYBCpump,McCoin,solana,1.714e-06,1715.0,3068.52,0,0,0,7,3416,0.0,3.79,103860.15,190,0.0,0.0,178.92244897959185,0.0,,,1715.0,0
2026-02-06T03:20:10.196112,G86MB1KtGCnwRWJMbJVWoCtcHumEWrUygCUKLYdipump,GAS,solana,1.938e-05,19389.0,10305.17,0,0,2,8,517,0.0,578.93,21821.28,211,0.0,20.0,53.14956934344216,0.25,,,19389.0,0
2026-02-06T03:20:26.694312,CsV83wDq1K4BJG8VqUsRhbb1fcpH2YaVH2Hu4qPdpump,TRAGEDY,solana,1.037e-05,10377.0,7940.18,3,10,147,194,17305,340.14,7545.55,669916.34,242,23.08,43.11,76.51710513635925,0.7577319587628866,,,10377.0,0
2026-02-06T03:20:42.651807,8xHAL531iDVW9S2xsrWAFFEr1Yz71rR7RL7qPWGgBAGS,TOILET,solana,0.001255,1255615.0,79115.34,1,3,99,97,8828,262.31,16972.32,1003038.89,4820,25.0,50.51,6.300923451854271,1.0206185567010309,,,1255615.0,0
2026-02-06T03:21:00.302774,6nr73wPRTrQDDf4P11JrF4JmSeg4zFN2rrt3wQgdpump,ALIVE ,solana,1.331e-05,13310.0,8589.79,15,12,92,82,5158,1324.37,9119.45,187752.79,231,55.56,52.87,64.53636363636365,1.1219512195121952,,,13310.0,0
2026-02-06T03:21:16.571922,J26wfJVb89N4bc7MHxJR677iAQJA6u28iF1Auqmqpump,j*b,solana,1.741e-05,17416.0,10446.23,0,1,80,71,20280,2.19,6803.14,972600.81,388,0.0,52.98,59.980649977032606,1.1267605633802815,,,17416.0,0
2026-02-06T03:21:31.101019,EQoBWwmxG1EonJZqBqFE9584XaHkXg5V2Tfy14Agpump,BULBS,solana,4.536e-06,4476.0,5058.89,0,0,10,19,7551,0.0,483.22,241317.37,304,0.0,34.48,113.02256478999108,0.5263157894736842,,,4476.0,0
2026-02-06T03:21:50.287948,CPLTbYbtDMKZtHBaPqdDmHjxNwESCEB14gm6VuoDpump,DTV,solana,0.001524,1524424.0,127065.33,0,0,2,4,1099,0.0,1619.67,298745.8,163165,0.0,33.33,8.335301071093081,0.5,,,1524424.0,0
2026-02-06T03:22:08.705269,7LRdiVxGVQBq7zdSyW9EkjC4HL8aVC2Us94Xa4sLpump,Troutler,solana,1.384e-06,1384.0,2761.42,0,0,0,0,599,0.0,0.0,23785.81,288,0.0,0.0,199.52456647398844,0.0,,,1384.0,0
2026-02-06T03:22:28.602166,F2qZh2XEwr3tQQ3ssw49EBuhAn4ER435cvRtbgRUmoon,GCC,solana,0.0002465,245797.0,35467.14,985,56,10446,745,27058,148.21,8278.39,147918.98,331,94.62,93.34,14.429443809322326,14.021476510067114,,,245797.0,0
2026-02-06T03:22:45.073949,BvsdBqqWCsK5BDM45HtbDmC35HqUC26WuQWoa7MZpump,DOGE,solana,3.505e-06,3506.0,4398.95,0,0,9,8,3335,0.0,289.57,185786.47,324,0.0,52.94,125.469195664575,1.125,,,3506.0,0
2026-02-06T03:22:59.616422,Fkp2UZ3pSksggnvQ7EMZnJMJsW4V3dAiNavwUrzmpump,fearcoin,solana,1.79e-06,1774.0,3125.79,0,1,0,4,3325,0.09,5.79,95199.27,344,0.0,0.0,176.20011273957158,0.0,,,1774.0,0
2026-02-06T03:23:14.640687,Xz5awELsbunLUz5Ls4QAbdT2b4iJ51csD46G7KZpump,KIRK,solana,1.486e-06,1486.0,2847.9,0,0,0,1,697,0.0,0.04,27221.99,351,0.0,0.0,191.64872139973085,0.0,,,1486.0,0
2026-02-06T03:23:32.449137,99BjP4r4szW2GoigRRRayqN3YWHXrxPrtWYJqwPdpump,BrownBear,solana,1.209e-05,12099.0,8299.26,0,1,37,24,10015,1.02,2491.13,313526.29,357,0.0,60.66,68.5945945945946,1.5416666666666667,,,12099.0,0
2026-02-06T03:23:46.636029,Bp5rfgqizGaVigRBHD25Rkatitxbenq5zxcHS7aYpump,MCRIB,solana,2.9e-05,29010.0,12581.6,6,1,32,15,1866,151.51,1457.18,76213.44,366,85.71,68.09,43.369872457773184,2.1333333333333333,,,29010.0,0
2026-02-06T03:24:03.857349,CJWLJ4H329oii6iWVxcZ65xnibutsNvRtMCb1HGqpump,LinhMai,solana,3.95e-05,39502.0,14902.34,6,4,93,69,5927,396.78,9581.31,309006.82,438,60.0,57.41,37.72553288441092,1.3478260869565215,,,39502.0,0
2026-02-06T03:24:18.016736,6p7ztwX6C3fHm3UTdfXayXVYQEJiK522UmdNy8Dfpump,Soldiers,solana,2.473e-06,2473.0,3714.92,0,0,1,4,6923,0.0,4.22,232685.69,394,0.0,20.0,150.2191670036393,0.25,,,2473.0,0
2026-02-06T03:24:32.157160,8ST6wxsAndTBzSwy59kSn8H7VVLrroJyv3F9Erzdpump,SMINEM,solana,1.638e-06,1638.0,2988.07,0,0,0,1,2806,0.0,19.6,88859.18,402,0.0,0.0,182.42185592185592,0.0,,,1638.0,0
2026-02-06T03:24:46.452498,48fEAhTQ3eEg87hdT7mRPFZXaZnpdpVjQWyJQHtdpump,BigACT,solana,1.424e-06,1425.0,2803.68,0,0,0,0,2666,0.0,0.0,166339.42,411,0.0,0.0,196.74947368421053,0.0,,,1425.0,0
2026-02-06T03:25:00.742389,AYQiP8BdFFctLbWiwrNNEqACeBCA9bXtdBspP7cmpump,Tuy·∫øt,solana,9.49e-06,9490.0,7531.06,4,2,65,41,16518,106.7,3087.77,783033.36,469,66.67,61.32,79.35785036880928,1.5853658536585369,,,9490.0,0
2026-02-06T03:25:18.045331,HyBvP4kLr1YPvLUgWHCaSyWYcaK2W51uVts1zKdFpump,Tampon,solana,2.518e-06,2518.0,3732.95,0,0,0,0,2252,0.0,0.0,60402.43,410,0.0,0.0,148.25059571088164,0.0,,,2518.0,0
2026-02-06T03:25:32.378781,5eqmTQBK9GLAcZbTbT3VLduwPwBUbHb8rHeFfE7kpump,Tide,solana,4.467e-06,4467.0,5027.97,0,2,1,10,8978,15.08,187.81,297033.02,533,0.0,9.09,112.55809267965078,0.1,,,4467.0,0
2026-02-06T03:25:46.444223,4TyZGqRLG3VcHTGMcLBoPUmqYitMVojXinAmkL8xpump,testicle,solana,0.003478,3478471.0,297909.99,13,10,194,205,8326,10562.72,59780.6,1206259.09,67172,56.52,48.62,8.56439481599818,0.946341463414634,,,3478471.0,0
2026-02-06T03:26:02.315179,61Wj56QgGyyB966T7YsMzEAKRLcMvJpDbPzjkrCZc4Bi,COPPERINU,solana,0.004048,4048162.0,258138.58,5,3,71,54,7920,949.45,15711.58,1193515.2,14983,62.5,56.8,6.376686012071652,1.3148148148148149,,,4048162.0,0
2026-02-06T03:26:29.272097,29TWWr9Lk9wr4yhzNvJb7qgrmftTzvHgG1C5AKwspump,EGG,solana,0.0001128,112826.0,33384.31,0,0,18,10,2076,0.0,682.07,75041.54,13969,0.0,64.29,29.589199298034146,1.8,,,112826.0,0
2026-02-06T03:26:49.043130,1ZE3KyDuCCUoVn3Mjn4pk3Sq9ZXpt8heHceYv2jpump,Ship,solana,2.248e-06,2248.0,3511.57,0,0,0,4,4190,0.0,2.58,119543.86,426,0.0,0.0,156.20862989323845,0.0,,,2248.0,0
2026-02-06T03:27:03.962659,9zMRcmRuu1649zEP7u2NDX4M3wqYwDMWNkRCkCGHBAGS,YOINK,solana,1.452e-05,14521.0,7991.22,2,1,29,20,2000,203.93,2380.14,113796.78,429,66.67,59.18,55.032160319537226,1.45,,,14521.0,0
2026-02-06T03:27:53.819980,3sc4Ykdi4Vp5nFTdvHPDySARg54q6nJqzCUgeTRDpump,Hennifer ,solana,1.71e-06,1710.0,3087.75,0,0,0,0,3006,0.0,0.0,114382.16,504,0.0,0.0,180.5701754385965,0.0,,,1710.0,0
2026-02-06T03:28:09.035432,Bbco81RDzgubLV1FtX1rrAMNx3GaWht1V6BcAPVpBAGS,BREW,solana,3.192e-05,31910.0,11872.36,2,0,22,16,1173,149.68,1870.59,104407.05,24134,66.67,57.89,37.20576621748668,1.375,,,31910.0,0
2026-02-06T03:28:29.546236,6wcPQWr9zQgzkaieGaWqfwZaZJMC7xWRtVPm8ZKWpump,SPLAT,solana,0.0009053,905343.0,78555.54,0,0,3,6,1319,0.0,2097.35,206464.14,17488,0.0,33.33,8.676881579688581,0.5,,,905343.0,0
2026-02-06T03:28:52.708714,9yMzbSHpZ4Q2ffw2Bi7k5sBdUqQWgREFKW56qkCapump,Realize,solana,7.612e-05,76116.0,20999.23,4,4,147,125,3137,244.67,22115.74,209059.76,11822,50.0,54.04,27.58845709180724,1.176,,,76116.0,0
2026-02-06T03:29:39.804727,0x80323e6d1f9dca80839bd134ae4001e35485ffff,Burn,bsc,0.0001743,115495.0,41345.22,105,58,605,359,1077,16455.66,84913.46,90752.28,5407,64.42,62.76,35.79827698168752,1.6852367688022285,,,115495.0,0
2026-02-06T03:29:54.599274,0x640c04ca09c5c5140e62fef42c59e3afdbbd4444,ÊàëÁöÑÂàÄÁõæ,bsc,0.0002388,238847.0,48985.58,19,10,323,284,12087,1903.35,93998.84,1290722.25,1389,65.52,53.21,20.509187890155623,1.1373239436619718,,,238847.0,0
2026-02-06T07:13:18.939587,2PzS5SYYWjUFvzXNFaMmRkpjkxGX6R5v8DnKYtdcpump,OPAL,solana,0.0006309,630923.0,66564.98,147,95,2453,1869,5760,33949.7,758497.09,993727.88,17936,60.74,56.76,10.550412649404128,1.3124665596575709,,,630923.0,0
2026-02-06T07:13:38.460077,GdEgAfoBp4r66SWLK68fG7Ueun8xNyaKJDzpwnc9yewx,littlestjeff1,solana,0.0002128,212813.0,35994.05,90,36,496,284,13999,14158.74,65536.8,669653.09,517,71.43,63.59,16.913463933124387,1.7464788732394363,,,212813.0,0
2026-02-06T07:13:52.857130,21CnrFRqvEVkQZUTFmTXjcsJTLZhRY51ohoaCPwRpump,DOG,solana,0.0006821,682195.0,79346.27,65,51,859,565,85674,12697.91,101272.9,6837580.82,1024,56.03,60.32,11.63102485359758,1.520353982300885,,,682195.0,0
2026-02-06T07:14:11.642498,FeKqa2BxNX37pxAtYHNGzSHBTD8PtWMjXmjLeA47hs2Q,Peniaphobia,solana,2.169e-05,21691.0,11039.39,1050,703,1050,703,1753,67755.37,67755.37,67755.37,4,59.9,59.9,50.89387303489927,1.4935988620199143,,,21691.0,0
2026-02-06T07:14:38.326148,jupSoLaHXQiZZTSfEWMTRRgpnyFm8f6sZdosWBjx93v,JupSOL,solana,91.91,350292943.0,289462.0,2,6,41,38,6853,15036.46,152257.48,7315108.25,945272,25.0,51.9,0.0826342653440209,1.0789473684210529,,,350292943.0,0
2026-02-06T07:15:06.841215,72Ycbn46KJ6mLGKhiHMU47XinRRtzfGKTzZzYwpWpump,JERRY,solana,5.328e-05,53280.0,17714.32,45,39,3504,2694,6198,2984.64,272960.74,272960.74,55,53.57,56.53,33.2475975975976,1.3006681514476617,,,53280.0,0
2026-02-06T07:15:20.867168,4fSWEw2wbYEUCcMtitzmeGUfqinoafXxkhqZrA9Gpump,Pigeon,solana,9.155e-05,91552.0,24746.64,61,34,1804,1199,22818,4006.28,155225.76,1251226.83,162,64.21,60.07,27.030146801817544,1.5045871559633028,,,91552.0,0
2026-02-06T07:15:36.451330,NopK9qESRHrP7b8TSPmgVbpWpovHUk49KDnhGPm8Mub,APEBAMA,solana,0.0005689,568961.0,84324.98,65,55,2867,2569,34437,7122.39,441247.5,2658442.67,150,54.17,52.74,14.820871729345244,1.1159984429739198,,,568961.0,0
2026-02-06T07:15:52.153264,4KjvUHHs5sXpFHYHhEE7xxWPbjy7SzZJMVVG8uTjpump,ORANGIE,solana,1.927e-06,1928.0,3317.33,0,3,1372,1348,3942,2.52,103048.63,159459.85,66,0.0,50.44,172.0606846473029,1.0178041543026706,,,1928.0,0
2026-02-06T07:16:08.253151,4UNXLznKJCTErNWpRnvj4QJgHJgeGUS7JrmUqrCGpump,Chudjak,solana,2.528e-06,2529.0,3776.64,2,2,337,369,2301,20.5,21685.22,83493.9,80,50.0,47.73,149.33333333333331,0.913279132791328,,,2529.0,0
2026-02-06T07:16:49.574068,AiSgWJ2dh8egX6uBfnLU9uxPLgaMmxLBa65822t5pump,naseem,solana,3.568e-06,3569.0,4506.16,11,6,385,408,4879,369.45,18372.62,155739.57,78,64.71,48.55,126.25833566825442,0.943627450980392,,,3569.0,0
2026-02-06T07:17:07.272378,FH8ictEPGdf11kpKyj8hX2fTnWSaW8WqVcYEHU8Apump,SOLT,solana,3.532e-05,35321.0,14053.08,0,0,20,27,736,0.0,2328.59,40243.78,111,0.0,42.55,39.78675575436709,0.7407407407407407,,,35321.0,0
2026-02-06T07:17:23.786828,9pTTktFyx6gK9Hxqh4CN7ER2Pcn8ahwtWz6FXY6mpump,Charizard,solana,0.0001834,183436.0,33417.17,516,350,8416,6314,14730,35976.75,584109.81,584109.81,48,59.58,57.14,18.21734555921412,1.3329109914475767,,,183436.0,0
2026-02-06T07:17:59.683151,0xb8cde9df0eb85b36c8c77ed50f49e38db7d14444,APEBAMA,bsc,1.407e-05,14078.0,12287.82,15,7,626,519,6452,1246.93,77856.29,481421.55,148,68.18,54.67,87.28384713737746,1.20616570327553,,,14078.0,0
2026-02-06T07:18:15.900310,0x37e36bb3301ec1f8158e06373b839eea154c4444,ÂçÉÈóÆ,bsc,3.472e-05,34720.57,0.0,9,1,152,111,1771,371.23,18401.66,121673.45,147934,90.0,57.79,0.0,1.3693693693693694,,,34720.57,0
2026-02-06T07:18:32.876411,0x55c4afa182d5583ff4bfc84798a805e4c7e14444,Winston,bsc,2.621e-05,26215.0,16921.42,13,7,240,164,13099,788.62,25282.21,971912.86,183,65.0,59.41,64.54861720389088,1.4634146341463414,,,26215.0,0
2026-02-06T07:19:11.681250,2u1tszSeqZ3qBWF3uNGPFc8TzMk2tdiwknnRMWGWjGWH,USDG,solana,1.00039,27012023.0,3835030.22,54,37,793,541,35266,20502.16,307421.88,10329525.43,122652,59.34,59.45,14.197493538340316,1.465804066543438,,,27012023.0,0
2026-02-06T07:19:48.450998,QJsdbmb4Tmd583BLVZm9T2utj2BRmQXGAVHJQD3pump,Ballscoin,solana,7.303e-06,7223.0,6595.35,50,25,1216,769,10732,853.38,55999.71,352891.58,106,66.67,61.26,91.31039734182474,1.5812743823146944,,,7223.0,0
2026-02-06T07:20:03.176397,GQW3si8EmYcFNyMR6MBMBhgaFFphwxdpY543hQh8pump,WAGMI,solana,3.01e-06,3010.0,4127.55,0,4,81,74,4177,69.26,2172.73,118854.41,118,0.0,52.26,137.1279069767442,1.0945945945945943,,,3010.0,0
2026-02-06T07:20:17.752285,JAoY5qxjrs14NqJAkL5oEAhbwv3KsS93XtXK5w3gbonk,SLOPAGANDA,solana,6.012e-06,6012.45,0.0,1,0,34,23,2124,0.99,1622.32,108274.94,141,50.0,59.65,0.0,1.4782608695652173,,,6012.45,0
2026-02-06T07:20:32.589490,Byb8WojwPWthyMm8iwtcd9CQhcZjnjQmhTRi5GN7BAGS,MILADY.AI,solana,2.821e-05,28212.0,11851.26,1,1,25,30,3100,7.85,2791.51,144646.56,2194,50.0,45.45,42.007868991918336,0.8333333333333334,,,28212.0,0
2026-02-06T07:20:47.150541,2Mymea4KLojhKWscQZk8288bbLvfka5Je8h2aAX2iMGE,Lionald,solana,8.658e-06,8658.89,0.0,0,1,40,15,4426,8.22,3143.71,194325.62,142,0.0,72.73,0.0,2.6666666666666665,,,8658.89,0
2026-02-06T07:21:31.314071,WjH8QUUV2XLDnURLMqp3wJnCWE62hGy8mPeJzeLpump,HSAKA,solana,6.636e-06,6636.0,6389.98,18,16,320,248,14299,524.06,9623.8,551241.09,224,52.94,56.34,96.292646172393,1.2903225806451613,,,6636.0,0
2026-02-06T07:21:50.717106,7k3r2EH7NhVjqs5yJp7LpmUiytVQ9tX8fP4BHUgcpump,HREPLICANT,solana,2.328e-06,2328.0,3644.77,0,0,4,7,8690,0.0,402.03,157214.13,177,0.0,36.36,156.5622852233677,0.5714285714285714,,,2328.0,0
2026-02-06T07:23:03.719792,6ULU1a6LNeANB9uSMux9eMUrAXWmdCeBieCYvW8cYtvY,coo,solana,1.336e-05,13362.0,9051.2,20,14,129,115,11677,1588.13,10504.11,516161.05,163,58.82,52.87,67.73836252058075,1.1217391304347826,,,13362.0,0
2026-02-06T07:23:21.932732,Ph178Z6nMupc7wFKYt2fTULSqDgCrfEVbkGCT6foJZ2,Pigeon,solana,1.47e-06,1470.0,2873.99,0,0,1,3,2444,0.0,13.67,98008.38,167,0.0,25.0,195.5095238095238,0.3333333333333333,,,1470.0,0
2026-02-06T07:23:35.885608,FFYLoYzPnD1CAVa8UeP9BeXhPPAykRkYiFLqVpxKbonk,hedge,solana,0.0003002,300206.0,58706.89,7,14,546,581,20099,764.71,115410.84,2293166.87,2250,33.33,48.45,19.55553519916324,0.9397590361445785,,,300206.0,0
2026-02-06T07:23:50.601231,7EW5dDD6MYJK4PcZ89MGApJQwWeDEeNgH4NCVU4qpump,PURCH,solana,0.0009553,955319.0,117880.19,0,2,99,19,3245,5.25,10224.88,390943.7,72838,0.0,83.9,12.339353660923734,5.2105263157894735,,,955319.0,0
2026-02-06T07:24:04.683263,6GUFGvihrNCgtziyW4yfqpyYXNLWmXLFd3jt9ei1pump,FLYAGRA,solana,3.327e-06,3328.0,4318.98,0,0,3,4,1910,0.0,217.47,60070.7,220,0.0,42.86,129.77704326923077,0.75,,,3328.0,0
2026-02-06T07:24:18.724682,FWGLwULH2rGXABavNcRbnByEfh3TZTnkxrnF5mHSteoE,HODL,solana,9.728e-05,97277.0,23526.13,0,1,4,17,953,1.55,1162.85,111102.88,27499,0.0,19.05,24.184678803828245,0.2352941176470588,,,97277.0,0
2026-02-06T07:24:32.943788,C3r49A4dKZuWCfhYPbJx2pGMyAC8p1PG95PnQsyEJeNe,Fearcoin,solana,4.25e-06,4249.0,4929.65,0,1,4,9,4776,0.89,380.1,135625.17,230,0.0,30.77,116.01906330901387,0.4444444444444444,,,4249.0,0
2026-02-06T07:24:50.409421,E1vcMxGpgqoNC3w3uaAwnFCuYC3TVwpwjihQLSLx1y9M,chicken,solana,2.497e-06,2497.0,3837.84,0,0,1,16,8325,0.0,183.42,312494.98,250,0.0,5.88,153.69803764517422,0.0625,,,2497.0,0
2026-02-06T07:25:05.142424,2hfNudnke4Xn2yD5yERnGy2q1reYK9qh2azzNAMupump,CARP,solana,2.79e-06,2790.0,3947.25,0,0,1,2,1845,0.0,33.05,46314.35,242,0.0,33.33,141.4784946236559,0.5,,,2790.0,0
2026-02-06T07:25:24.083133,6SPAi55gcZLTtrQywxq2UsVikAvDMNaPQuWYaLMpump,DAISY,solana,1.865e-06,1866.0,3286.27,0,0,0,1,5813,0.0,0.48,188241.24,267,0.0,0.0,176.11307609860663,0.0,,,1866.0,0
2026-02-06T09:14:17.027885,9EaJhQtA1KjmXNEb4eotpmtdUVappbnrJxsU9f8Ppump,CRYPTOBRO,solana,2.382e-05,23821.0,11634.79,362,206,2111,1397,3508,15621.05,110677.28,110677.28,16,63.73,60.18,48.8425758784266,1.51109520400859,,,23821.0,0
2026-02-06T09:14:40.277476,BYZ9CcZGKAXmN2uDsKcQMM9UnZacija4vWcns9Th69xb,BOTIFY,solana,0.0001523,152304.0,61348.47,0,0,236,168,604,0.0,66221.52,92870.42,566762,0.0,58.42,40.28027497636306,1.4047619047619049,,,152304.0,0
2026-02-06T09:14:57.837610,6fC29w55f26ne7aaTH3Apqu6DWrgKk3oHmaRnd5Hpump,NoLimit ,solana,7.258e-05,72582.0,20480.37,111,88,2329,1638,3967,8673.55,144385.08,144385.08,41,55.78,58.71,28.216871951723565,1.421855921855922,,,72582.0,0
2026-02-06T09:15:12.537539,kFV4pcj4MCq6egFBLQBERZjDTVqBprsDYNL3QCipump,üü¶,solana,3.985e-05,39846.0,15192.2,50,17,2541,1827,4368,2827.15,172376.92,172376.92,46,74.63,58.17,38.12729006675701,1.3908045977011494,,,39846.0,0
2026-02-06T09:15:27.232113,8xCGiPWRb63LjWV329EKQsyaRikDuNg4tjbJQVhwpump,WeedWhale,solana,1.819e-06,1819.0,3265.8,2,5,2145,1856,4001,20.87,255228.86,255228.86,53,28.57,53.61,179.5382078064871,1.1557112068965518,,,1819.0,0
2026-02-06T09:15:41.743096,DCAujWrTAkEKUeEhNTedN7bBcmnKmYWL8fGx5WHNpump,HOPE,solana,1.262e-05,12620.0,8610.52,29,22,4837,4762,9599,1717.93,281960.57,281960.57,55,56.86,50.39,68.22916006339145,1.0157496850063,,,12620.0,0
2026-02-06T09:15:56.675193,Bb6Qtoh2UP2kgSrMC5Fzdpzu2DRJVzq4b2BmavABpump,Pikachu,solana,1.366e-05,13670.0,8790.79,51,33,1081,747,4301,3426.08,55150.65,136402.23,72,60.71,59.14,64.30716898317485,1.4471218206157963,,,13670.0,0
2026-02-06T09:16:14.038058,FxJKLBJQz52SL1jQG5Df1XxgMKiFGkRs1ZmR8uHVmiNe,VMINE,solana,1.839e-05,18394.0,10289.5,25,17,1004,706,6019,543.33,48269.02,198895.01,102,59.52,58.71,55.93943677286072,1.4220963172804533,,,18394.0,0
2026-02-06T09:16:28.141198,9uV8U3vzxC5GuDtN41NtnKAvUYVd45sLtPaBwrZ2pump,HR,solana,2.125e-06,2125.0,3557.08,0,10,1000,704,13466,117.03,69699.28,393497.91,112,0.0,58.69,167.392,1.4204545454545454,,,2125.0,0
2026-02-06T09:16:46.595021,B1rGc4HM4Q6q4nU78ADM7fGguxqiasH53fh6ViDXpump,BLOXX,solana,0.0004956,495693.0,63733.98,0,0,10,20,829,0.0,5693.91,81951.31,67875,0.0,33.33,12.857550943830152,0.5,,,495693.0,0
2026-02-06T09:17:00.574423,NopK9qESRHrP7b8TSPmgVbpWpovHUk49KDnhGPm8Mub,APEBAMA,solana,0.0005972,597205.0,86870.71,33,29,793,729,39395,6174.55,143959.6,3032484.39,271,53.23,52.1,14.546212774507916,1.0877914951989025,,,597205.0,0
2026-02-06T09:17:14.809379,8y45AJzCUBSZL1UDFQRzCKovQBLQFudBrpPeg5yNpump,BlackWhale,solana,0.0003838,378025.0,80357.7,9,6,50,23,3581,460.24,5397.58,271532.62,62023,60.0,68.49,21.25724489121089,2.1739130434782608,,,378025.0,0
2026-02-06T09:17:29.031563,FH8ictEPGdf11kpKyj8hX2fTnWSaW8WqVcYEHU8Apump,SOLT,solana,2.327e-05,23270.0,11430.84,0,2,56,31,842,29.93,3671.67,44692.59,231,0.0,64.37,49.12264718521702,1.806451612903225,,,23270.0,0
2026-02-06T12:44:59.676373,EKwF2HD6X4rHHr4322EJeK9QBGkqhpHZQSanSUmWkecG,BigTrout,solana,0.006802,6802483.0,296829.75,129,67,846,874,74231,21999.26,179551.8,7928611.13,2310,65.82,49.19,4.363550044888021,0.9679633867276888,,,6802483.0,0
2026-02-06T12:45:14.180377,CCtxuEcm92pBGJSvGJDLaFFRzfj1xG5pjumQsP9Cpump,anonymous,solana,7.365e-05,73650.0,20998.62,1032,795,3095,2741,5836,79812.74,237133.64,237133.64,11,56.49,53.03,28.511364562118125,1.129149945275447,,,73650.0,0
2026-02-06T12:45:29.836459,APCwYR7NjV9ZMk2Lx86p9ZQQaeCCDd44DJG1MJbWpump,anonymous,solana,0.0002418,241815.0,38189.28,549,351,1906,1393,3299,58606.57,399566.74,399566.74,14,61.0,57.78,15.792767198064636,1.36826992103374,,,241815.0,0
2026-02-06T12:45:43.935846,6Ks9R9H1Kqmz1XQTgCcZKqriCun5EwC1cukM9TUL996C,CLYDE,solana,8.652e-05,86523.0,27559.38,4,5,58,20,367,802.73,7629.14,34452.92,20879,44.44,74.36,31.852085572622308,2.9,,,86523.0,0
2026-02-06T12:46:03.137982,B6et7KHUHVfrrcuDQ5sxKJAZFGAFj9qfLKqRuQzdpump,Satoshtein,solana,2.145e-05,21457.0,11157.87,338,240,1816,1279,3095,14693.68,87619.18,87619.18,15,58.48,58.68,52.0010719112644,1.419859265050821,,,21457.0,0
2026-02-06T12:46:19.159305,EW7cWbNmTgL7PLQNiJ6tBVC62SJzJXa2pFYJjDPPpump,SOBAT,solana,0.0003183,318352.0,44648.21,386,244,6910,6393,13303,39298.22,757873.34,757873.34,55,61.27,51.94,14.02479331054933,1.080869701235727,,,318352.0,0
2026-02-06T12:46:40.576504,6Swj5trBKGehQVLisWEjhaHSVzggu7XPxpmD4xjHpump,XVEL,solana,0.0002486,248695.0,38035.8,2,6,105,97,1321,355.23,21011.11,83391.86,109,25.0,51.98,15.2941554916665,1.0824742268041236,,,248695.0,0
2026-02-06T12:47:01.151425,H3cHwjGfcAgm17Q4w68od2za4epqpH7gv9rkbAA4pump,NZOS,solana,6.929e-05,69294.0,21781.72,7,3,158,101,25697,360.13,15882.02,1289409.47,1036,70.0,61.0,31.43377493000837,1.5643564356435644,,,69294.0,0
2026-02-06T12:47:17.779041,QE2h38jHGbPu5f5C8whu12LWqyrWr7kisRSsH1hpump,AVATAR,solana,0.0006303,630325.0,64753.82,79,76,3854,2820,25325,7838.57,538566.24,1930834.55,110,50.97,57.75,10.273084519890531,1.3666666666666667,,,630325.0,0
2026-02-06T12:47:38.736556,3gf1pPerptPU64QDbfNz6x3Xtb9gKyJuHu4xaSHbpump,UNKNOWN,solana,1.488e-06,1488.0,2926.41,0,1,174,153,327,10.69,20625.83,20625.83,32,0.0,53.21,196.6673387096774,1.1372549019607845,,,1488.0,0
2026-02-06T12:47:53.598873,6fC29w55f26ne7aaTH3Apqu6DWrgKk3oHmaRnd5Hpump,NoLimit ,solana,9.301e-05,93010.0,24461.84,65,44,758,565,14523,7062.84,58173.55,688361.5,254,59.63,57.29,26.30022578217396,1.3415929203539825,,,93010.0,0
2026-02-06T12:48:11.366577,4vGHdzcNrDf8XVE8H19Rqea86RULz7xi89ew1sSJpump,21,solana,0.002281,2281155.0,181864.73,26,28,1045,488,6855,5736.4,179388.49,762474.81,40961,48.15,68.17,7.972484552781377,2.1413934426229506,,,2281155.0,0
2026-02-06T12:48:28.767666,Sm5X275snApKGtip4pAGdgqeE9ZipUpyPtbEXX5pump,SBC7H7La,solana,2.797e-05,27895.0,12856.98,16,20,738,568,5148,1072.45,60531.31,203020.61,177,44.44,56.51,46.09062556013623,1.2992957746478873,,,27895.0,0
2026-02-06T12:48:43.583384,G9pMgxvHBtkwDrs6XyAp1K5tapEbzzjABpH4PnsNpump,CBUN,solana,2.137e-06,2107.0,3819.61,1,2,3516,3499,12624,1.99,555279.19,1082466.07,94,33.33,50.12,181.28191741813004,1.0048585310088596,,,2107.0,0
2026-02-06T12:48:58.302158,1pZF2ENoAfswKXRLoYyXrxKGC3gK9pHUPup7YRUpump,Pilly,solana,1.944e-06,1944.0,3374.04,0,4,78,111,4028,10.98,3349.9,149274.38,80,0.0,41.27,173.56172839506172,0.7027027027027027,,,1944.0,0
2026-02-06T12:49:18.937078,NopK9qESRHrP7b8TSPmgVbpWpovHUk49KDnhGPm8Mub,APEBAMA,solana,0.0004364,436482.0,75047.62,31,30,321,298,43836,6339.95,53502.69,3311152.53,484,50.82,51.86,17.193749112219976,1.077181208053691,,,436482.0,0
2026-02-06T12:49:45.410827,7tMhhgxdoLXhhKBvR91VAXRo5aR4SurdyKkY46unpump,Academy,solana,2.106e-06,2106.0,3495.46,0,2,70,125,4512,4.32,3616.41,140084.93,92,0.0,35.9,165.97625830959163,0.56,,,2106.0,0
2026-02-06T12:50:12.372634,7tMhhgxdoLXhhKBvR91VAXRo5aR4SurdyKkY46unpump,Academy,solana,2.106e-06,2106.0,3495.46,0,2,70,125,4512,4.32,3616.41,140084.93,93,0.0,35.9,165.97625830959163,0.56,,,2106.0,0
2026-02-06T12:50:33.400249,6fCNE2ib5HPUYAMs14sPqTHJG6gk6Ua1vw3T7kyKpump,SaaSpocalypse,solana,9.317e-06,9318.0,7694.73,47,42,1191,885,13430,2262.79,65359.8,552144.72,125,52.81,57.37,82.579201545396,1.3457627118644069,,,9318.0,0
2026-02-06T12:50:50.268863,BsXmXxfwQWks6WHtfmo5q3Ji4mQieEx2WNWmUUe1pump,T√∫Anh,solana,0.0001896,189691.0,33950.61,8,4,94,114,6450,504.88,12667.66,396461.36,889,66.67,45.19,17.897849660764084,0.8245614035087719,,,189691.0,0
2026-02-06T12:52:05.298973,0x45ab611db06f828a24d38c220d6f68fc541effff,ÁÅµÈ≠Ç,bsc,3.901e-06,3902.0,6006.88,9,7,1032,1086,2118,256.74,105291.3,105291.3,35,56.25,48.73,153.94361865709894,0.9502762430939228,,,3902.0,0
2026-02-06T12:52:20.132485,0x3ac8e2c113d5d7824ac6ebe82a3c60b1b9d64444,ÂÆ¢ÊúçÂ∞è‰Ωï,bsc,0.001977,1977172.0,320331.25,9,3,289,220,3861,332.63,47761.82,468937.84,175844,75.0,56.78,16.201486264219806,1.3136363636363635,,,1977172.0,0
2026-02-06T12:52:34.630473,0xeb86fa952b871fc106e20d30f5cf43b6b88e4444,Hope,bsc,4.115e-05,41150.0,20782.22,14,15,559,393,16369,1260.35,50413.06,1277987.79,263,48.28,58.72,50.50357229647631,1.4223918575063612,,,41150.0,0
2026-02-06T12:52:51.498692,0x6aee85f13302d08355ecdb3cea68910c6ee54444,GrokCZ,bsc,4.85e-06,4851.0,6777.78,0,0,13,12,2189,0.0,1031.29,129651.01,248,0.0,52.0,139.71923314780457,1.0833333333333333,,,4851.0,0
2026-02-06T12:53:06.221130,0xf036693f699d36e7fb3df3822918b325e1db7777,EZCTO,bsc,0.0001261,126172.0,35276.87,2,2,29,18,1248,249.15,3966.08,133859.04,12782,50.0,61.7,27.95934914244048,1.6111111111111112,,,126172.0,0
2026-02-06T12:53:22.423232,0x37e36bb3301ec1f8158e06373b839eea154c4444,ÂçÉÈóÆ,bsc,3.063e-05,30632.89,0.0,2,2,62,46,2443,134.87,9139.97,178695.06,148269,50.0,57.41,0.0,1.3478260869565215,,,30632.89,0
2026-02-06T12:53:51.128928,0x66e8969ac8fa7a13b03b7897234017d80a1f4444,ÁüÆËÑöÈ©¨,bsc,2.394e-05,23945.78,0.0,1,4,39,25,2059,221.22,3722.61,136680.44,1252,20.0,60.94,0.0,1.56,,,23945.78,0
2026-02-06T12:54:05.462531,0xb8cde9df0eb85b36c8c77ed50f49e38db7d14444,APEBAMA,bsc,6.209e-06,6209.0,8275.07,0,0,12,13,7432,0.0,1344.2,538263.56,484,0.0,48.0,133.27540666774038,0.9230769230769232,,,6209.0,0
2026-02-06T12:54:27.626966,0x80323e6d1f9dca80839bd134ae4001e35485ffff,Burn,bsc,5.056e-05,31343.0,22768.71,0,0,15,17,2638,0.0,1513.78,201964.66,5972,0.0,46.88,72.64368439523976,0.8823529411764706,,,31343.0,0
2026-02-06T12:54:42.095774,0x14bf16f280696ec4431f2579309e865693964444,Áà±‰Ω†ËÄÅÂ∑±,bsc,0.0002705,270525.0,72606.99,0,0,12,5,785,0.0,3055.34,107998.36,78133,0.0,70.59,26.839290268921545,2.4,,,270525.0,0
2026-02-06T12:54:56.531197,0x16e4366c817767933ff02f2333c8092d29134444,TRUMPRX,bsc,5.261e-06,5261.2,0.0,0,0,0,1,2344,0.0,42.46,160288.81,1185,0.0,0.0,0.0,0.0,,,5261.2,0
2026-02-06T12:55:10.995695,0x87d87671aefb97610390cd7fdbb4281c3f734444,Crypto winter,bsc,0.001033,1033258.0,160961.93,4,3,32,12,2075,959.74,7642.0,312809.64,48013,57.14,72.73,15.578096661240464,2.6666666666666665,,,1033258.0,0
2026-02-06T12:55:25.840514,0xca457bbadaec0e6d4c8b216019530ddf3e1f4444,Â±±ÂØ®ÂéüÊú¨ÁöÑ‰ª∑ÂÄºÊòØ0,bsc,2.358e-05,23580.0,20640.46,0,0,2,3,1319,0.0,211.53,89566.33,169903,0.0,40.0,87.53375742154368,0.6666666666666666,,,23580.0,0
2026-02-06T12:55:40.094644,0x2e591b13d3caf27adf1db47d75278315d0754444,ÊΩúÈæôÂãøÁî®,bsc,0.00164,1631227.0,172143.29,1,1,61,53,5020,141.39,14188.44,691892.76,16077,50.0,53.51,10.552994157158999,1.150943396226415,,,1631227.0,0
